2025-12-02T11:16:13.093Z CLI info     Config : {"userName":"[REDACTED]","accessKey":"[REDACTED]","platforms":[{"appium:platformName":"Android","appium:platformVersion":"12.0","appium:udid":"emulator-5554","appium:deviceName":"Pixel XL","appium:automationName":"UIAutomator2","appium:autoGrantPermissions":true,"appium:app":"bs://13688d13bdb23e4253b996728d64e6cc18053888","wdioService":"9.20.1"}],"isNonBstackA11yWDIO":false,"accessibility":null,"testObservability":true,"testContextOptions":{"skipSessionName":false,"skipSessionStatus":false,"sessionNameOmitTestTitle":false,"sessionNamePrependTopLevelSuiteTitle":false,"sessionNameFormat":""},"buildTag":[]}
2025-12-02T11:16:13.103Z CLI info [testhub:module]  [jalalkhan_vhXeGd]   [f4dd84e3-a06d-4b82-85e6-5f3855863bba]  Starting testhub from 30051:0
2025-12-02T11:16:13.104Z CLI info  [jalalkhan_vhXeGd]   [f4dd84e3-a06d-4b82-85e6-5f3855863bba]  [PRODUCTION] Making POST request to https://sdk.browserstack.com
2025-12-02T11:16:14.344Z CLI info [testhub:module]  [jalalkhan_vhXeGd]   [f4dd84e3-a06d-4b82-85e6-5f3855863bba]  startBuild: response=1dkdyaqwmruc2dpgjv0d9c33c1sx5gddd3ny8lox
2025-12-02T11:16:14.345Z CLI info  [jalalkhan_vhXeGd]  [1dkdyaqwmruc2dpgjv0d9c33c1sx5gddd3ny8lox]  [f4dd84e3-a06d-4b82-85e6-5f3855863bba]  [PRODUCTION] Making POST request to https://api.browserstack.com
2025-12-02T11:16:16.473Z CLI info  [jalalkhan_vhXeGd]  [1dkdyaqwmruc2dpgjv0d9c33c1sx5gddd3ny8lox]  [f4dd84e3-a06d-4b82-85e6-5f3855863bba]  [PRODUCTION] Making GET request to https://hub.browserstack.com
2025-12-02T11:16:16.629Z CLI info  [jalalkhan_vhXeGd]  [1dkdyaqwmruc2dpgjv0d9c33c1sx5gddd3ny8lox]  [f4dd84e3-a06d-4b82-85e6-5f3855863bba]  [PRODUCTION] Making GET request to https://hub-apse.browserstack.com
2025-12-02T11:16:16.744Z CLI info  [jalalkhan_vhXeGd]  [1dkdyaqwmruc2dpgjv0d9c33c1sx5gddd3ny8lox]  [f4dd84e3-a06d-4b82-85e6-5f3855863bba]  [PRODUCTION] Making GET request to https://hub-aps.browserstack.com
2025-12-02T11:16:16.776Z CLI info [sdk:service]  [jalalkhan_vhXeGd]  [1dkdyaqwmruc2dpgjv0d9c33c1sx5gddd3ny8lox]  [f4dd84e3-a06d-4b82-85e6-5f3855863bba]  Driver initialized as primary driver: platformIndex=0
2025-12-02T11:16:17.923Z CLI info  [jalalkhan_vhXeGd]  [1dkdyaqwmruc2dpgjv0d9c33c1sx5gddd3ny8lox]  [f4dd84e3-a06d-4b82-85e6-5f3855863bba]  [PRODUCTION] Making GET request to https://hub-usw.browserstack.com
2025-12-02T11:16:26.960Z CLI info  [jalalkhan_vhXeGd]  [1dkdyaqwmruc2dpgjv0d9c33c1sx5gddd3ny8lox]  [f4dd84e3-a06d-4b82-85e6-5f3855863bba]  [PRODUCTION] Making PUT request to https://collector-observability.browserstack.com
2025-12-02T11:16:27.754Z CLI info [testhub:module]  [jalalkhan_vhXeGd]  [1dkdyaqwmruc2dpgjv0d9c33c1sx5gddd3ny8lox]  [f4dd84e3-a06d-4b82-85e6-5f3855863bba]  stopBuild: 1dkdyaqwmruc2dpgjv0d9c33c1sx5gddd3ny8lox request={"finished_at":"2025-12-02T11:16:26.958Z","finished_metadata":[],"custom_metadata":null} response={"data":""}
2025-12-02T11:16:27.756Z CLI info  [jalalkhan_vhXeGd]  [1dkdyaqwmruc2dpgjv0d9c33c1sx5gddd3ny8lox]  [f4dd84e3-a06d-4b82-85e6-5f3855863bba]  [PRODUCTION] Making POST request to https://api.browserstack.com
2025-12-02T11:16:27.758Z CLI info [TEST REPORTING AND ANALYTICS:module]  [jalalkhan_vhXeGd]  [1dkdyaqwmruc2dpgjv0d9c33c1sx5gddd3ny8lox]  [f4dd84e3-a06d-4b82-85e6-5f3855863bba]  Visit https://automation.browserstack.com/builds/1dkdyaqwmruc2dpgjv0d9c33c1sx5gddd3ny8lox to view build report, insights, and many more debugging information all at one place!
2025-12-02T11:16:28.167Z CLI info  [jalalkhan_vhXeGd]  [1dkdyaqwmruc2dpgjv0d9c33c1sx5gddd3ny8lox]  [f4dd84e3-a06d-4b82-85e6-5f3855863bba]  [PRODUCTION] Making GET request to https://api.browserstack.com
2025-12-02T11:16:28.497Z CLI info  [jalalkhan_vhXeGd]  [1dkdyaqwmruc2dpgjv0d9c33c1sx5gddd3ny8lox]  [f4dd84e3-a06d-4b82-85e6-5f3855863bba]  [PRODUCTION] Making POST request to https://eds.browserstack.com
2025-12-02T11:16:29.416Z CLI info [main]  [jalalkhan_vhXeGd]  [1dkdyaqwmruc2dpgjv0d9c33c1sx5gddd3ny8lox]  [f4dd84e3-a06d-4b82-85e6-5f3855863bba]  Received graceful signal termination, performing cleanup
2025-12-02T11:21:32.760Z CLI info     Config : {"userName":"[REDACTED]","accessKey":"[REDACTED]","platforms":[{"platformName":"Android","appium:platformVersion":"12.0","appium:udid":"emulator-5554","appium:deviceName":"Pixel XL","appium:automationName":"UIAutomator2","appium:autoGrantPermissions":true,"appium:app":"bs://13688d13bdb23e4253b996728d64e6cc18053888","wdioService":"9.20.1"}],"isNonBstackA11yWDIO":false,"accessibility":null,"testObservability":true,"testContextOptions":{"skipSessionName":false,"skipSessionStatus":false,"sessionNameOmitTestTitle":false,"sessionNamePrependTopLevelSuiteTitle":false,"sessionNameFormat":""},"buildTag":[]}
2025-12-02T11:21:32.770Z CLI info [testhub:module]  [jalalkhan_vhXeGd]   [49e0541c-b75e-4ff5-a1c5-e2b322531aad]  Starting testhub from 33127:0
2025-12-02T11:21:32.771Z CLI info  [jalalkhan_vhXeGd]   [49e0541c-b75e-4ff5-a1c5-e2b322531aad]  [PRODUCTION] Making POST request to https://sdk.browserstack.com
2025-12-02T11:21:34.211Z CLI info [testhub:module]  [jalalkhan_vhXeGd]   [49e0541c-b75e-4ff5-a1c5-e2b322531aad]  startBuild: response=ucabrexkxzkbydevcu2ctkj9pkmlweaffyd9fp2k
2025-12-02T11:21:34.213Z CLI info  [jalalkhan_vhXeGd]  [ucabrexkxzkbydevcu2ctkj9pkmlweaffyd9fp2k]  [49e0541c-b75e-4ff5-a1c5-e2b322531aad]  [PRODUCTION] Making POST request to https://api.browserstack.com
2025-12-02T11:21:36.436Z CLI info  [jalalkhan_vhXeGd]  [ucabrexkxzkbydevcu2ctkj9pkmlweaffyd9fp2k]  [49e0541c-b75e-4ff5-a1c5-e2b322531aad]  [PRODUCTION] Making GET request to https://hub.browserstack.com
2025-12-02T11:21:36.561Z CLI info  [jalalkhan_vhXeGd]  [ucabrexkxzkbydevcu2ctkj9pkmlweaffyd9fp2k]  [49e0541c-b75e-4ff5-a1c5-e2b322531aad]  [PRODUCTION] Making GET request to https://hub-apse.browserstack.com
2025-12-02T11:21:36.673Z CLI info  [jalalkhan_vhXeGd]  [ucabrexkxzkbydevcu2ctkj9pkmlweaffyd9fp2k]  [49e0541c-b75e-4ff5-a1c5-e2b322531aad]  [PRODUCTION] Making GET request to https://hub-aps.browserstack.com
2025-12-02T11:21:36.704Z CLI info [sdk:service]  [jalalkhan_vhXeGd]  [ucabrexkxzkbydevcu2ctkj9pkmlweaffyd9fp2k]  [49e0541c-b75e-4ff5-a1c5-e2b322531aad]  Driver initialized as primary driver: platformIndex=0
2025-12-02T11:21:37.970Z CLI info  [jalalkhan_vhXeGd]  [ucabrexkxzkbydevcu2ctkj9pkmlweaffyd9fp2k]  [49e0541c-b75e-4ff5-a1c5-e2b322531aad]  [PRODUCTION] Making GET request to https://hub-usw.browserstack.com
2025-12-02T11:21:46.929Z CLI info  [jalalkhan_vhXeGd]  [ucabrexkxzkbydevcu2ctkj9pkmlweaffyd9fp2k]  [49e0541c-b75e-4ff5-a1c5-e2b322531aad]  [PRODUCTION] Making PUT request to https://collector-observability.browserstack.com
2025-12-02T11:21:48.007Z CLI info [testhub:module]  [jalalkhan_vhXeGd]  [ucabrexkxzkbydevcu2ctkj9pkmlweaffyd9fp2k]  [49e0541c-b75e-4ff5-a1c5-e2b322531aad]  stopBuild: ucabrexkxzkbydevcu2ctkj9pkmlweaffyd9fp2k request={"finished_at":"2025-12-02T11:21:46.928Z","finished_metadata":[],"custom_metadata":null} response={"data":""}
2025-12-02T11:21:48.008Z CLI info  [jalalkhan_vhXeGd]  [ucabrexkxzkbydevcu2ctkj9pkmlweaffyd9fp2k]  [49e0541c-b75e-4ff5-a1c5-e2b322531aad]  [PRODUCTION] Making POST request to https://api.browserstack.com
2025-12-02T11:21:48.009Z CLI info [TEST REPORTING AND ANALYTICS:module]  [jalalkhan_vhXeGd]  [ucabrexkxzkbydevcu2ctkj9pkmlweaffyd9fp2k]  [49e0541c-b75e-4ff5-a1c5-e2b322531aad]  Visit https://automation.browserstack.com/builds/ucabrexkxzkbydevcu2ctkj9pkmlweaffyd9fp2k to view build report, insights, and many more debugging information all at one place!
2025-12-02T11:21:48.422Z CLI info  [jalalkhan_vhXeGd]  [ucabrexkxzkbydevcu2ctkj9pkmlweaffyd9fp2k]  [49e0541c-b75e-4ff5-a1c5-e2b322531aad]  [PRODUCTION] Making GET request to https://api.browserstack.com
2025-12-02T11:21:48.753Z CLI info  [jalalkhan_vhXeGd]  [ucabrexkxzkbydevcu2ctkj9pkmlweaffyd9fp2k]  [49e0541c-b75e-4ff5-a1c5-e2b322531aad]  [PRODUCTION] Making POST request to https://eds.browserstack.com
2025-12-02T11:21:49.752Z CLI info [main]  [jalalkhan_vhXeGd]  [ucabrexkxzkbydevcu2ctkj9pkmlweaffyd9fp2k]  [49e0541c-b75e-4ff5-a1c5-e2b322531aad]  Received graceful signal termination, performing cleanup
2025-12-02T11:29:02.439Z CLI info     Config : {"userName":"[REDACTED]","accessKey":"[REDACTED]","platforms":[{"platformName":"Android","appium:platformVersion":"12.0","appium:deviceName":"Google Pixel 7","appium:automationName":"UIAutomator2","appium:autoGrantPermissions":true,"appium:app":"bs://13688d13bdb23e4253b996728d64e6cc18053888","wdioService":"9.20.1"}],"isNonBstackA11yWDIO":false,"accessibility":null,"testObservability":true,"testContextOptions":{"skipSessionName":false,"skipSessionStatus":false,"sessionNameOmitTestTitle":false,"sessionNamePrependTopLevelSuiteTitle":false,"sessionNameFormat":""},"buildTag":[]}
2025-12-02T11:29:02.447Z CLI info [testhub:module]  [jalalkhan_vhXeGd]   [55197520-8fde-41d7-b39e-add83dd19bd7]  Starting testhub from 37281:0
2025-12-02T11:29:02.448Z CLI info  [jalalkhan_vhXeGd]   [55197520-8fde-41d7-b39e-add83dd19bd7]  [PRODUCTION] Making POST request to https://sdk.browserstack.com
2025-12-02T11:29:03.790Z CLI info [testhub:module]  [jalalkhan_vhXeGd]   [55197520-8fde-41d7-b39e-add83dd19bd7]  startBuild: response=e2cj87t3dbrqktbng5n6uexpiw4zfl2oja8jufd0
2025-12-02T11:29:03.793Z CLI info  [jalalkhan_vhXeGd]  [e2cj87t3dbrqktbng5n6uexpiw4zfl2oja8jufd0]  [55197520-8fde-41d7-b39e-add83dd19bd7]  [PRODUCTION] Making POST request to https://api.browserstack.com
2025-12-02T11:29:05.574Z CLI info  [jalalkhan_vhXeGd]  [e2cj87t3dbrqktbng5n6uexpiw4zfl2oja8jufd0]  [55197520-8fde-41d7-b39e-add83dd19bd7]  [PRODUCTION] Making GET request to https://hub.browserstack.com
2025-12-02T11:29:05.703Z CLI info  [jalalkhan_vhXeGd]  [e2cj87t3dbrqktbng5n6uexpiw4zfl2oja8jufd0]  [55197520-8fde-41d7-b39e-add83dd19bd7]  [PRODUCTION] Making GET request to https://hub-apse.browserstack.com
2025-12-02T11:29:05.817Z CLI info  [jalalkhan_vhXeGd]  [e2cj87t3dbrqktbng5n6uexpiw4zfl2oja8jufd0]  [55197520-8fde-41d7-b39e-add83dd19bd7]  [PRODUCTION] Making GET request to https://hub-aps.browserstack.com
2025-12-02T11:29:05.847Z CLI info [sdk:service]  [jalalkhan_vhXeGd]  [e2cj87t3dbrqktbng5n6uexpiw4zfl2oja8jufd0]  [55197520-8fde-41d7-b39e-add83dd19bd7]  Driver initialized as primary driver: platformIndex=0
2025-12-02T11:29:07.084Z CLI info  [jalalkhan_vhXeGd]  [e2cj87t3dbrqktbng5n6uexpiw4zfl2oja8jufd0]  [55197520-8fde-41d7-b39e-add83dd19bd7]  [PRODUCTION] Making GET request to https://hub-usw.browserstack.com
2025-12-02T11:29:16.041Z CLI info  [jalalkhan_vhXeGd]  [e2cj87t3dbrqktbng5n6uexpiw4zfl2oja8jufd0]  [55197520-8fde-41d7-b39e-add83dd19bd7]  [PRODUCTION] Making PUT request to https://collector-observability.browserstack.com
2025-12-02T11:29:16.916Z CLI info [testhub:module]  [jalalkhan_vhXeGd]  [e2cj87t3dbrqktbng5n6uexpiw4zfl2oja8jufd0]  [55197520-8fde-41d7-b39e-add83dd19bd7]  stopBuild: e2cj87t3dbrqktbng5n6uexpiw4zfl2oja8jufd0 request={"finished_at":"2025-12-02T11:29:16.040Z","finished_metadata":[],"custom_metadata":null} response={"data":""}
2025-12-02T11:29:16.919Z CLI info  [jalalkhan_vhXeGd]  [e2cj87t3dbrqktbng5n6uexpiw4zfl2oja8jufd0]  [55197520-8fde-41d7-b39e-add83dd19bd7]  [PRODUCTION] Making POST request to https://api.browserstack.com
2025-12-02T11:29:16.920Z CLI info [TEST REPORTING AND ANALYTICS:module]  [jalalkhan_vhXeGd]  [e2cj87t3dbrqktbng5n6uexpiw4zfl2oja8jufd0]  [55197520-8fde-41d7-b39e-add83dd19bd7]  Visit https://automation.browserstack.com/builds/e2cj87t3dbrqktbng5n6uexpiw4zfl2oja8jufd0 to view build report, insights, and many more debugging information all at one place!
2025-12-02T11:29:17.328Z CLI info  [jalalkhan_vhXeGd]  [e2cj87t3dbrqktbng5n6uexpiw4zfl2oja8jufd0]  [55197520-8fde-41d7-b39e-add83dd19bd7]  [PRODUCTION] Making GET request to https://api.browserstack.com
2025-12-02T11:29:17.738Z CLI info  [jalalkhan_vhXeGd]  [e2cj87t3dbrqktbng5n6uexpiw4zfl2oja8jufd0]  [55197520-8fde-41d7-b39e-add83dd19bd7]  [PRODUCTION] Making POST request to https://eds.browserstack.com
2025-12-02T11:29:18.657Z CLI info [main]  [jalalkhan_vhXeGd]  [e2cj87t3dbrqktbng5n6uexpiw4zfl2oja8jufd0]  [55197520-8fde-41d7-b39e-add83dd19bd7]  Received graceful signal termination, performing cleanup
2025-12-02T11:30:17.697Z CLI info     Config : {"userName":"[REDACTED]","accessKey":"[REDACTED]","platforms":[{"platformName":"Android","appium:platformVersion":"13.0","appium:deviceName":"Google Pixel 7","appium:automationName":"UIAutomator2","appium:autoGrantPermissions":true,"appium:app":"bs://13688d13bdb23e4253b996728d64e6cc18053888","wdioService":"9.20.1"}],"isNonBstackA11yWDIO":false,"accessibility":null,"testObservability":true,"testContextOptions":{"skipSessionName":false,"skipSessionStatus":false,"sessionNameOmitTestTitle":false,"sessionNamePrependTopLevelSuiteTitle":false,"sessionNameFormat":""},"buildTag":[]}
2025-12-02T11:30:17.707Z CLI info [testhub:module]  [jalalkhan_vhXeGd]   [b1192388-09dd-4a0f-94b5-ef64da28a442]  Starting testhub from 38086:0
2025-12-02T11:30:17.711Z CLI info  [jalalkhan_vhXeGd]   [b1192388-09dd-4a0f-94b5-ef64da28a442]  [PRODUCTION] Making POST request to https://sdk.browserstack.com
2025-12-02T11:30:19.295Z CLI info [testhub:module]  [jalalkhan_vhXeGd]   [b1192388-09dd-4a0f-94b5-ef64da28a442]  startBuild: response=984jaaxe1vomgzww0ltr0uu1qn74g3xnadhukqeu
2025-12-02T11:30:19.298Z CLI info  [jalalkhan_vhXeGd]  [984jaaxe1vomgzww0ltr0uu1qn74g3xnadhukqeu]  [b1192388-09dd-4a0f-94b5-ef64da28a442]  [PRODUCTION] Making POST request to https://api.browserstack.com
2025-12-02T11:30:20.848Z CLI info  [jalalkhan_vhXeGd]  [984jaaxe1vomgzww0ltr0uu1qn74g3xnadhukqeu]  [b1192388-09dd-4a0f-94b5-ef64da28a442]  [PRODUCTION] Making GET request to https://hub.browserstack.com
2025-12-02T11:30:20.966Z CLI info  [jalalkhan_vhXeGd]  [984jaaxe1vomgzww0ltr0uu1qn74g3xnadhukqeu]  [b1192388-09dd-4a0f-94b5-ef64da28a442]  [PRODUCTION] Making GET request to https://hub-apse.browserstack.com
2025-12-02T11:30:21.086Z CLI info  [jalalkhan_vhXeGd]  [984jaaxe1vomgzww0ltr0uu1qn74g3xnadhukqeu]  [b1192388-09dd-4a0f-94b5-ef64da28a442]  [PRODUCTION] Making GET request to https://hub-aps.browserstack.com
2025-12-02T11:30:21.118Z CLI info [sdk:service]  [jalalkhan_vhXeGd]  [984jaaxe1vomgzww0ltr0uu1qn74g3xnadhukqeu]  [b1192388-09dd-4a0f-94b5-ef64da28a442]  Driver initialized as primary driver: platformIndex=0
2025-12-02T11:30:22.679Z CLI info  [jalalkhan_vhXeGd]  [984jaaxe1vomgzww0ltr0uu1qn74g3xnadhukqeu]  [b1192388-09dd-4a0f-94b5-ef64da28a442]  [PRODUCTION] Making GET request to https://hub-usw.browserstack.com
2025-12-02T11:30:38.480Z CLI info [testhub:request-queue-handler]  [jalalkhan_vhXeGd]  [984jaaxe1vomgzww0ltr0uu1qn74g3xnadhukqeu]  [b1192388-09dd-4a0f-94b5-ef64da28a442]  Added the event {
  event_type: 'CBTSessionCreated',
  test_run: {
    uuid: '23a44e25-02ff-49ec-b5a5-8ec3a8cfa499',
    integrations: { browserstack: [Object] }
  }
} to 38086:0
2025-12-02T11:30:38.483Z CLI info [testhub:request-queue-handler]  [jalalkhan_vhXeGd]  [984jaaxe1vomgzww0ltr0uu1qn74g3xnadhukqeu]  [b1192388-09dd-4a0f-94b5-ef64da28a442]  Added the event {
  event_type: 'TestRunStarted',
  test_run: {
    type: 'test',
    framework: 'WebdriverIO-mocha',
    uuid: '23a44e25-02ff-49ec-b5a5-8ec3a8cfa499',
    name: 'add a note, save changes & verify note',
    body: {
      lang: 'ecmascript',
      code: 'async () => {\n' +
        `    await $('//*[@text="Add note"]').click();\n` +
        `    await $('//*[@text="Text"]').click();\n` +
        `    await expect($('//*[@text="Editing"]')).toBeDisplayed();\n` +
        '\n' +
        '    // add note title\n' +
        '    await $(\n' +
        `      '//*[@resource-id="com.socialnmobile.dictapps.notepad.color.note:id/edit_title"]',\n` +
        "    ).addValue('Grocery List');\n" +
        '\n' +
        '    // add note body\n' +
        '    await $(\n' +
        `      '//*[@resource-id="com.socialnmobile.dictapps.notepad.color.note:id/edit_note"]',\n` +
        "    ).addValue('Bread\\nMilk\\nEggs');\n" +
        '\n' +
        '    // save the changes\n' +
        '    await driver.back();\n' +
        '    await driver.back();\n' +
        '\n' +
        '    // assertion\n' +
        '    await expect(\n' +
        '      $(\n' +
        `        '//*[@resource-id="com.socialnmobile.dictapps.notepad.color.note:id/edit_btn"]',\n` +
        '      ),\n' +
        '    ).toBeDisplayed();\n' +
        '\n' +
        '    await expect(\n' +
        '      $(\n' +
        `        '//*[@resource-id="com.socialnmobile.dictapps.notepad.color.note:id/view_note"]',\n` +
        '      ),\n' +
        "    ).toHaveText('Bread\\nMilk\\nEggs');\n" +
        '  }'
    },
    identifier: 'add a note, save changes & verify note',
    scope: 'Add Notes - add a note, save changes & verify note',
    scopes: [ 'Add Notes' ],
    file_name: 'test/specs/android/add-note.spec.js',
    vc_filepath: 'test/specs/android/add-note.spec.js',
    location: 'test/specs/android/add-note.spec.js',
    result: 'pending',
    duration_in_ms: null,
    started_at: '2025-12-02T11:30:38.459Z',
    failure: undefined,
    failure_type: undefined,
    failure_reason: undefined,
    retry_of: null,
    custom_metadata: undefined,
    tags: [],
    customRerunParam: { rerun_name: undefined },
    hooks: [],
    product_map: {
      observability: true,
      accessibility: false,
      percy: false,
      automate: true,
      app_automate: false
    }
  },
  logs: []
} to 38086:0
2025-12-02T11:30:39.305Z CLI info [testhub:request-queue-handler]  [jalalkhan_vhXeGd]  [984jaaxe1vomgzww0ltr0uu1qn74g3xnadhukqeu]  [b1192388-09dd-4a0f-94b5-ef64da28a442]  Processing batch event [
  {
    event_type: 'CBTSessionCreated',
    test_run: {
      uuid: '23a44e25-02ff-49ec-b5a5-8ec3a8cfa499',
      integrations: [Object]
    }
  },
  {
    event_type: 'TestRunStarted',
    test_run: {
      type: 'test',
      framework: 'WebdriverIO-mocha',
      uuid: '23a44e25-02ff-49ec-b5a5-8ec3a8cfa499',
      name: 'add a note, save changes & verify note',
      body: [Object],
      identifier: 'add a note, save changes & verify note',
      scope: 'Add Notes - add a note, save changes & verify note',
      scopes: [Array],
      file_name: 'test/specs/android/add-note.spec.js',
      vc_filepath: 'test/specs/android/add-note.spec.js',
      location: 'test/specs/android/add-note.spec.js',
      result: 'pending',
      duration_in_ms: null,
      started_at: '2025-12-02T11:30:38.459Z',
      failure: undefined,
      failure_type: undefined,
      failure_reason: undefined,
      retry_of: null,
      custom_metadata: undefined,
      tags: [],
      customRerunParam: [Object],
      hooks: [],
      product_map: [Object]
    },
    logs: []
  }
] to 38086:0
2025-12-02T11:30:39.306Z CLI info  [jalalkhan_vhXeGd]  [984jaaxe1vomgzww0ltr0uu1qn74g3xnadhukqeu]  [b1192388-09dd-4a0f-94b5-ef64da28a442]  [PRODUCTION] Making POST request to https://collector-observability.browserstack.com
2025-12-02T11:30:44.196Z CLI warn [TEST REPORTING AND ANALYTICS:webdriverio:mocha]  [jalalkhan_vhXeGd]  [984jaaxe1vomgzww0ltr0uu1qn74g3xnadhukqeu]  [b1192388-09dd-4a0f-94b5-ef64da28a442]  TestRunFinished: event={"test_framework_name":"WebdriverIO-mocha","test_framework_version":"9.20.1","test_logs":[],"test_hooks_finished":{},"test_hooks_started":{},"test_uuid":"23a44e25-02ff-49ec-b5a5-8ec3a8cfa499","test_result":"passed","test_hook_last_started":"TestFrameworkState.TEST","test_id":"Add Notes - add a note, save changes & verify note","test_name":"add a note, save changes & verify note","test_code":"async () => {\n    await $('//*[@text=\"Add note\"]').click();\n    await $('//*[@text=\"Text\"]').click();\n    await expect($('//*[@text=\"Editing\"]')).toBeDisplayed();\n\n    // add note title\n    await $(\n      '//*[@resource-id=\"com.socialnmobile.dictapps.notepad.color.note:id/edit_title\"]',\n    ).addValue('Grocery List');\n\n    // add note body\n    await $(\n      '//*[@resource-id=\"com.socialnmobile.dictapps.notepad.color.note:id/edit_note\"]',\n    ).addValue('Bread\\nMilk\\nEggs');\n\n    // save the changes\n    await driver.back();\n    await driver.back();\n\n    // assertion\n    await expect(\n      $(\n        '//*[@resource-id=\"com.socialnmobile.dictapps.notepad.color.note:id/edit_btn\"]',\n      ),\n    ).toBeDisplayed();\n\n    await expect(\n      $(\n        '//*[@resource-id=\"com.socialnmobile.dictapps.notepad.color.note:id/view_note\"]',\n      ),\n    ).toHaveText('Bread\\nMilk\\nEggs');\n  }","test_file_path":"test/specs/android/add-note.spec.js","test_location":"test/specs/android/add-note.spec.js","test_scope":"Add Notes - add a note, save changes & verify note","test_scopes":["Add Notes"],"test_started_at":"2025-12-02T11:30:38.459Z","automate_session_name":"Add Notes - add a note, save changes & verify note","test_failure":null,"test_failure_reason":null,"test_failure_type":null,"test_ended_at":"2025-12-02T11:30:44.192Z","test_hook_last_finished":"TestFrameworkState.TEST","automate_session_status":"passed","test_deferred":true,"logs":[]}
2025-12-02T11:30:44.198Z CLI info [testhub:request-queue-handler]  [jalalkhan_vhXeGd]  [984jaaxe1vomgzww0ltr0uu1qn74g3xnadhukqeu]  [b1192388-09dd-4a0f-94b5-ef64da28a442]  Added the event {
  event_type: 'TestRunFinished',
  test_run: {
    type: 'test',
    framework: 'WebdriverIO-mocha',
    uuid: '23a44e25-02ff-49ec-b5a5-8ec3a8cfa499',
    name: 'add a note, save changes & verify note',
    body: {
      lang: 'ecmascript',
      code: 'async () => {\n' +
        `    await $('//*[@text="Add note"]').click();\n` +
        `    await $('//*[@text="Text"]').click();\n` +
        `    await expect($('//*[@text="Editing"]')).toBeDisplayed();\n` +
        '\n' +
        '    // add note title\n' +
        '    await $(\n' +
        `      '//*[@resource-id="com.socialnmobile.dictapps.notepad.color.note:id/edit_title"]',\n` +
        "    ).addValue('Grocery List');\n" +
        '\n' +
        '    // add note body\n' +
        '    await $(\n' +
        `      '//*[@resource-id="com.socialnmobile.dictapps.notepad.color.note:id/edit_note"]',\n` +
        "    ).addValue('Bread\\nMilk\\nEggs');\n" +
        '\n' +
        '    // save the changes\n' +
        '    await driver.back();\n' +
        '    await driver.back();\n' +
        '\n' +
        '    // assertion\n' +
        '    await expect(\n' +
        '      $(\n' +
        `        '//*[@resource-id="com.socialnmobile.dictapps.notepad.color.note:id/edit_btn"]',\n` +
        '      ),\n' +
        '    ).toBeDisplayed();\n' +
        '\n' +
        '    await expect(\n' +
        '      $(\n' +
        `        '//*[@resource-id="com.socialnmobile.dictapps.notepad.color.note:id/view_note"]',\n` +
        '      ),\n' +
        "    ).toHaveText('Bread\\nMilk\\nEggs');\n" +
        '  }'
    },
    identifier: 'add a note, save changes & verify note',
    scope: 'Add Notes - add a note, save changes & verify note',
    scopes: [ 'Add Notes' ],
    file_name: 'test/specs/android/add-note.spec.js',
    vc_filepath: 'test/specs/android/add-note.spec.js',
    location: 'test/specs/android/add-note.spec.js',
    result: 'passed',
    duration_in_ms: 5733,
    started_at: '2025-12-02T11:30:38.459Z',
    finished_at: '2025-12-02T11:30:44.192Z',
    failure: null,
    failure_type: null,
    failure_reason: null,
    retry_of: null,
    custom_metadata: undefined,
    tags: [],
    customRerunParam: { rerun_name: undefined },
    hooks: [],
    product_map: {
      observability: true,
      accessibility: false,
      percy: false,
      automate: true,
      app_automate: false
    }
  },
  logs: []
} to 38086:0
2025-12-02T11:30:45.309Z CLI info [testhub:request-queue-handler]  [jalalkhan_vhXeGd]  [984jaaxe1vomgzww0ltr0uu1qn74g3xnadhukqeu]  [b1192388-09dd-4a0f-94b5-ef64da28a442]  Processing batch event [
  {
    event_type: 'TestRunFinished',
    test_run: {
      type: 'test',
      framework: 'WebdriverIO-mocha',
      uuid: '23a44e25-02ff-49ec-b5a5-8ec3a8cfa499',
      name: 'add a note, save changes & verify note',
      body: [Object],
      identifier: 'add a note, save changes & verify note',
      scope: 'Add Notes - add a note, save changes & verify note',
      scopes: [Array],
      file_name: 'test/specs/android/add-note.spec.js',
      vc_filepath: 'test/specs/android/add-note.spec.js',
      location: 'test/specs/android/add-note.spec.js',
      result: 'passed',
      duration_in_ms: 5733,
      started_at: '2025-12-02T11:30:38.459Z',
      finished_at: '2025-12-02T11:30:44.192Z',
      failure: null,
      failure_type: null,
      failure_reason: null,
      retry_of: null,
      custom_metadata: undefined,
      tags: [],
      customRerunParam: [Object],
      hooks: [],
      product_map: [Object]
    },
    logs: []
  }
] to 38086:0
2025-12-02T11:30:45.311Z CLI info  [jalalkhan_vhXeGd]  [984jaaxe1vomgzww0ltr0uu1qn74g3xnadhukqeu]  [b1192388-09dd-4a0f-94b5-ef64da28a442]  [PRODUCTION] Making POST request to https://collector-observability.browserstack.com
2025-12-02T11:30:48.605Z CLI info  [jalalkhan_vhXeGd]  [984jaaxe1vomgzww0ltr0uu1qn74g3xnadhukqeu]  [b1192388-09dd-4a0f-94b5-ef64da28a442]  [PRODUCTION] Making PUT request to https://collector-observability.browserstack.com
2025-12-02T11:30:49.380Z CLI info [testhub:module]  [jalalkhan_vhXeGd]  [984jaaxe1vomgzww0ltr0uu1qn74g3xnadhukqeu]  [b1192388-09dd-4a0f-94b5-ef64da28a442]  stopBuild: 984jaaxe1vomgzww0ltr0uu1qn74g3xnadhukqeu request={"finished_at":"2025-12-02T11:30:48.604Z","finished_metadata":[],"custom_metadata":null} response={"data":""}
2025-12-02T11:30:49.383Z CLI info  [jalalkhan_vhXeGd]  [984jaaxe1vomgzww0ltr0uu1qn74g3xnadhukqeu]  [b1192388-09dd-4a0f-94b5-ef64da28a442]  [PRODUCTION] Making POST request to https://api.browserstack.com
2025-12-02T11:30:49.386Z CLI info [TEST REPORTING AND ANALYTICS:module]  [jalalkhan_vhXeGd]  [984jaaxe1vomgzww0ltr0uu1qn74g3xnadhukqeu]  [b1192388-09dd-4a0f-94b5-ef64da28a442]  Visit https://automation.browserstack.com/builds/984jaaxe1vomgzww0ltr0uu1qn74g3xnadhukqeu to view build report, insights, and many more debugging information all at one place!
2025-12-02T11:30:49.738Z CLI info  [jalalkhan_vhXeGd]  [984jaaxe1vomgzww0ltr0uu1qn74g3xnadhukqeu]  [b1192388-09dd-4a0f-94b5-ef64da28a442]  [PRODUCTION] Making GET request to https://api.browserstack.com
2025-12-02T11:30:50.079Z CLI info  [jalalkhan_vhXeGd]  [984jaaxe1vomgzww0ltr0uu1qn74g3xnadhukqeu]  [b1192388-09dd-4a0f-94b5-ef64da28a442]  [PRODUCTION] Making POST request to https://eds.browserstack.com
2025-12-02T11:30:50.977Z CLI info [main]  [jalalkhan_vhXeGd]  [984jaaxe1vomgzww0ltr0uu1qn74g3xnadhukqeu]  [b1192388-09dd-4a0f-94b5-ef64da28a442]  Received graceful signal termination, performing cleanup
2025-12-04T09:21:02.808Z CLI info     Config : {"userName":"[REDACTED]","accessKey":"[REDACTED]","platforms":[{"platformName":"Android","appium:platformVersion":"13.0","appium:deviceName":"Google Pixel 7","appium:automationName":"UIAutomator2","appium:autoGrantPermissions":true,"appium:app":"bs://13688d13bdb23e4253b996728d64e6cc18053888","wdioService":"9.20.1"}],"isNonBstackA11yWDIO":false,"accessibility":null,"testObservability":true,"testContextOptions":{"skipSessionName":false,"skipSessionStatus":false,"sessionNameOmitTestTitle":false,"sessionNamePrependTopLevelSuiteTitle":false,"sessionNameFormat":""},"buildTag":[]}
2025-12-04T09:21:02.902Z CLI info [testhub:module]  [jalalkhan_vhXeGd]   [552cfe44-cc2e-4a70-8698-19847b6e1f92]  Starting testhub from 19233:0
2025-12-04T09:21:02.904Z CLI info  [jalalkhan_vhXeGd]   [552cfe44-cc2e-4a70-8698-19847b6e1f92]  [PRODUCTION] Making POST request to https://sdk.browserstack.com
2025-12-04T09:21:04.282Z CLI info [testhub:module]  [jalalkhan_vhXeGd]   [552cfe44-cc2e-4a70-8698-19847b6e1f92]  startBuild: response=45nyelwzrshcxnhjixvatka3kzmuq8egafsl4pfk
2025-12-04T09:21:04.284Z CLI info  [jalalkhan_vhXeGd]  [45nyelwzrshcxnhjixvatka3kzmuq8egafsl4pfk]  [552cfe44-cc2e-4a70-8698-19847b6e1f92]  [PRODUCTION] Making POST request to https://api.browserstack.com
2025-12-04T09:21:06.712Z CLI info  [jalalkhan_vhXeGd]  [45nyelwzrshcxnhjixvatka3kzmuq8egafsl4pfk]  [552cfe44-cc2e-4a70-8698-19847b6e1f92]  [PRODUCTION] Making GET request to https://hub.browserstack.com
2025-12-04T09:21:06.954Z CLI info  [jalalkhan_vhXeGd]  [45nyelwzrshcxnhjixvatka3kzmuq8egafsl4pfk]  [552cfe44-cc2e-4a70-8698-19847b6e1f92]  [PRODUCTION] Making GET request to https://hub-apse.browserstack.com
2025-12-04T09:21:07.141Z CLI info  [jalalkhan_vhXeGd]  [45nyelwzrshcxnhjixvatka3kzmuq8egafsl4pfk]  [552cfe44-cc2e-4a70-8698-19847b6e1f92]  [PRODUCTION] Making GET request to https://hub-aps.browserstack.com
2025-12-04T09:21:07.171Z CLI info [sdk:service]  [jalalkhan_vhXeGd]  [45nyelwzrshcxnhjixvatka3kzmuq8egafsl4pfk]  [552cfe44-cc2e-4a70-8698-19847b6e1f92]  Driver initialized as primary driver: platformIndex=0
2025-12-04T09:21:08.097Z CLI info  [jalalkhan_vhXeGd]  [45nyelwzrshcxnhjixvatka3kzmuq8egafsl4pfk]  [552cfe44-cc2e-4a70-8698-19847b6e1f92]  [PRODUCTION] Making GET request to https://hub-usw.browserstack.com
2025-12-04T09:21:22.960Z CLI info [testhub:request-queue-handler]  [jalalkhan_vhXeGd]  [45nyelwzrshcxnhjixvatka3kzmuq8egafsl4pfk]  [552cfe44-cc2e-4a70-8698-19847b6e1f92]  Added the event {
  event_type: 'CBTSessionCreated',
  test_run: {
    uuid: '7f72dce6-3830-4a71-b54b-e4dfd06b1efd',
    integrations: { browserstack: [Object] }
  }
} to 19233:0
2025-12-04T09:21:22.962Z CLI info [testhub:request-queue-handler]  [jalalkhan_vhXeGd]  [45nyelwzrshcxnhjixvatka3kzmuq8egafsl4pfk]  [552cfe44-cc2e-4a70-8698-19847b6e1f92]  Added the event {
  event_type: 'TestRunStarted',
  test_run: {
    type: 'test',
    framework: 'WebdriverIO-mocha',
    uuid: '7f72dce6-3830-4a71-b54b-e4dfd06b1efd',
    name: 'add a note, save changes & verify note',
    body: {
      lang: 'ecmascript',
      code: 'async () => {\n' +
        `    await $('//*[@text="Add note"]').click();\n` +
        `    await $('//*[@text="Text"]').click();\n` +
        `    await expect($('//*[@text="Editing"]')).toBeDisplayed();\n` +
        '\n' +
        '    // add note title\n' +
        '    await $(\n' +
        `      '//*[@resource-id="com.socialnmobile.dictapps.notepad.color.note:id/edit_title"]',\n` +
        "    ).addValue('Grocery List');\n" +
        '\n' +
        '    // add note body\n' +
        '    await $(\n' +
        `      '//*[@resource-id="com.socialnmobile.dictapps.notepad.color.note:id/edit_note"]',\n` +
        "    ).addValue('Bread\\nMilk\\nEggs');\n" +
        '\n' +
        '    // save the changes\n' +
        '    await driver.back();\n' +
        '    await driver.back();\n' +
        '\n' +
        '    // assertion\n' +
        '    await expect(\n' +
        '      $(\n' +
        `        '//*[@resource-id="com.socialnmobile.dictapps.notepad.color.note:id/edit_btn"]',\n` +
        '      ),\n' +
        '    ).toBeDisplayed();\n' +
        '\n' +
        '    await expect(\n' +
        '      $(\n' +
        `        '//*[@resource-id="com.socialnmobile.dictapps.notepad.color.note:id/view_note"]',\n` +
        '      ),\n' +
        "    ).toHaveText('Bread\\nMilk\\nEggs');\n" +
        '  }'
    },
    identifier: 'add a note, save changes & verify note',
    scope: 'Add Notes - add a note, save changes & verify note',
    scopes: [ 'Add Notes' ],
    file_name: 'test/specs/android/add-note.spec.js',
    vc_filepath: 'test/specs/android/add-note.spec.js',
    location: 'test/specs/android/add-note.spec.js',
    result: 'pending',
    duration_in_ms: null,
    started_at: '2025-12-04T09:21:22.938Z',
    failure: undefined,
    failure_type: undefined,
    failure_reason: undefined,
    retry_of: null,
    custom_metadata: undefined,
    tags: [],
    customRerunParam: { rerun_name: undefined },
    hooks: [],
    product_map: {
      observability: true,
      accessibility: false,
      percy: false,
      automate: true,
      app_automate: false
    }
  },
  logs: []
} to 19233:0
2025-12-04T09:21:24.293Z CLI info [testhub:request-queue-handler]  [jalalkhan_vhXeGd]  [45nyelwzrshcxnhjixvatka3kzmuq8egafsl4pfk]  [552cfe44-cc2e-4a70-8698-19847b6e1f92]  Processing batch event [
  {
    event_type: 'CBTSessionCreated',
    test_run: {
      uuid: '7f72dce6-3830-4a71-b54b-e4dfd06b1efd',
      integrations: [Object]
    }
  },
  {
    event_type: 'TestRunStarted',
    test_run: {
      type: 'test',
      framework: 'WebdriverIO-mocha',
      uuid: '7f72dce6-3830-4a71-b54b-e4dfd06b1efd',
      name: 'add a note, save changes & verify note',
      body: [Object],
      identifier: 'add a note, save changes & verify note',
      scope: 'Add Notes - add a note, save changes & verify note',
      scopes: [Array],
      file_name: 'test/specs/android/add-note.spec.js',
      vc_filepath: 'test/specs/android/add-note.spec.js',
      location: 'test/specs/android/add-note.spec.js',
      result: 'pending',
      duration_in_ms: null,
      started_at: '2025-12-04T09:21:22.938Z',
      failure: undefined,
      failure_type: undefined,
      failure_reason: undefined,
      retry_of: null,
      custom_metadata: undefined,
      tags: [],
      customRerunParam: [Object],
      hooks: [],
      product_map: [Object]
    },
    logs: []
  }
] to 19233:0
2025-12-04T09:21:24.297Z CLI info  [jalalkhan_vhXeGd]  [45nyelwzrshcxnhjixvatka3kzmuq8egafsl4pfk]  [552cfe44-cc2e-4a70-8698-19847b6e1f92]  [PRODUCTION] Making POST request to https://collector-observability.browserstack.com
2025-12-04T09:21:28.618Z CLI warn [TEST REPORTING AND ANALYTICS:webdriverio:mocha]  [jalalkhan_vhXeGd]  [45nyelwzrshcxnhjixvatka3kzmuq8egafsl4pfk]  [552cfe44-cc2e-4a70-8698-19847b6e1f92]  TestRunFinished: event={"test_framework_name":"WebdriverIO-mocha","test_framework_version":"9.20.1","test_logs":[],"test_hooks_finished":{},"test_hooks_started":{},"test_uuid":"7f72dce6-3830-4a71-b54b-e4dfd06b1efd","test_result":"passed","test_hook_last_started":"TestFrameworkState.TEST","test_id":"Add Notes - add a note, save changes & verify note","test_name":"add a note, save changes & verify note","test_code":"async () => {\n    await $('//*[@text=\"Add note\"]').click();\n    await $('//*[@text=\"Text\"]').click();\n    await expect($('//*[@text=\"Editing\"]')).toBeDisplayed();\n\n    // add note title\n    await $(\n      '//*[@resource-id=\"com.socialnmobile.dictapps.notepad.color.note:id/edit_title\"]',\n    ).addValue('Grocery List');\n\n    // add note body\n    await $(\n      '//*[@resource-id=\"com.socialnmobile.dictapps.notepad.color.note:id/edit_note\"]',\n    ).addValue('Bread\\nMilk\\nEggs');\n\n    // save the changes\n    await driver.back();\n    await driver.back();\n\n    // assertion\n    await expect(\n      $(\n        '//*[@resource-id=\"com.socialnmobile.dictapps.notepad.color.note:id/edit_btn\"]',\n      ),\n    ).toBeDisplayed();\n\n    await expect(\n      $(\n        '//*[@resource-id=\"com.socialnmobile.dictapps.notepad.color.note:id/view_note\"]',\n      ),\n    ).toHaveText('Bread\\nMilk\\nEggs');\n  }","test_file_path":"test/specs/android/add-note.spec.js","test_location":"test/specs/android/add-note.spec.js","test_scope":"Add Notes - add a note, save changes & verify note","test_scopes":["Add Notes"],"test_started_at":"2025-12-04T09:21:22.938Z","automate_session_name":"Add Notes - add a note, save changes & verify note","test_failure":null,"test_failure_reason":null,"test_failure_type":null,"test_ended_at":"2025-12-04T09:21:28.610Z","test_hook_last_finished":"TestFrameworkState.TEST","automate_session_status":"passed","test_deferred":true,"logs":[]}
2025-12-04T09:21:28.620Z CLI info [testhub:request-queue-handler]  [jalalkhan_vhXeGd]  [45nyelwzrshcxnhjixvatka3kzmuq8egafsl4pfk]  [552cfe44-cc2e-4a70-8698-19847b6e1f92]  Added the event {
  event_type: 'TestRunFinished',
  test_run: {
    type: 'test',
    framework: 'WebdriverIO-mocha',
    uuid: '7f72dce6-3830-4a71-b54b-e4dfd06b1efd',
    name: 'add a note, save changes & verify note',
    body: {
      lang: 'ecmascript',
      code: 'async () => {\n' +
        `    await $('//*[@text="Add note"]').click();\n` +
        `    await $('//*[@text="Text"]').click();\n` +
        `    await expect($('//*[@text="Editing"]')).toBeDisplayed();\n` +
        '\n' +
        '    // add note title\n' +
        '    await $(\n' +
        `      '//*[@resource-id="com.socialnmobile.dictapps.notepad.color.note:id/edit_title"]',\n` +
        "    ).addValue('Grocery List');\n" +
        '\n' +
        '    // add note body\n' +
        '    await $(\n' +
        `      '//*[@resource-id="com.socialnmobile.dictapps.notepad.color.note:id/edit_note"]',\n` +
        "    ).addValue('Bread\\nMilk\\nEggs');\n" +
        '\n' +
        '    // save the changes\n' +
        '    await driver.back();\n' +
        '    await driver.back();\n' +
        '\n' +
        '    // assertion\n' +
        '    await expect(\n' +
        '      $(\n' +
        `        '//*[@resource-id="com.socialnmobile.dictapps.notepad.color.note:id/edit_btn"]',\n` +
        '      ),\n' +
        '    ).toBeDisplayed();\n' +
        '\n' +
        '    await expect(\n' +
        '      $(\n' +
        `        '//*[@resource-id="com.socialnmobile.dictapps.notepad.color.note:id/view_note"]',\n` +
        '      ),\n' +
        "    ).toHaveText('Bread\\nMilk\\nEggs');\n" +
        '  }'
    },
    identifier: 'add a note, save changes & verify note',
    scope: 'Add Notes - add a note, save changes & verify note',
    scopes: [ 'Add Notes' ],
    file_name: 'test/specs/android/add-note.spec.js',
    vc_filepath: 'test/specs/android/add-note.spec.js',
    location: 'test/specs/android/add-note.spec.js',
    result: 'passed',
    duration_in_ms: 5672,
    started_at: '2025-12-04T09:21:22.938Z',
    finished_at: '2025-12-04T09:21:28.610Z',
    failure: null,
    failure_type: null,
    failure_reason: null,
    retry_of: null,
    custom_metadata: undefined,
    tags: [],
    customRerunParam: { rerun_name: undefined },
    hooks: [],
    product_map: {
      observability: true,
      accessibility: false,
      percy: false,
      automate: true,
      app_automate: false
    }
  },
  logs: []
} to 19233:0
2025-12-04T09:21:30.296Z CLI info [testhub:request-queue-handler]  [jalalkhan_vhXeGd]  [45nyelwzrshcxnhjixvatka3kzmuq8egafsl4pfk]  [552cfe44-cc2e-4a70-8698-19847b6e1f92]  Processing batch event [
  {
    event_type: 'TestRunFinished',
    test_run: {
      type: 'test',
      framework: 'WebdriverIO-mocha',
      uuid: '7f72dce6-3830-4a71-b54b-e4dfd06b1efd',
      name: 'add a note, save changes & verify note',
      body: [Object],
      identifier: 'add a note, save changes & verify note',
      scope: 'Add Notes - add a note, save changes & verify note',
      scopes: [Array],
      file_name: 'test/specs/android/add-note.spec.js',
      vc_filepath: 'test/specs/android/add-note.spec.js',
      location: 'test/specs/android/add-note.spec.js',
      result: 'passed',
      duration_in_ms: 5672,
      started_at: '2025-12-04T09:21:22.938Z',
      finished_at: '2025-12-04T09:21:28.610Z',
      failure: null,
      failure_type: null,
      failure_reason: null,
      retry_of: null,
      custom_metadata: undefined,
      tags: [],
      customRerunParam: [Object],
      hooks: [],
      product_map: [Object]
    },
    logs: []
  }
] to 19233:0
2025-12-04T09:21:30.298Z CLI info  [jalalkhan_vhXeGd]  [45nyelwzrshcxnhjixvatka3kzmuq8egafsl4pfk]  [552cfe44-cc2e-4a70-8698-19847b6e1f92]  [PRODUCTION] Making POST request to https://collector-observability.browserstack.com
2025-12-04T09:21:32.978Z CLI info  [jalalkhan_vhXeGd]  [45nyelwzrshcxnhjixvatka3kzmuq8egafsl4pfk]  [552cfe44-cc2e-4a70-8698-19847b6e1f92]  [PRODUCTION] Making PUT request to https://collector-observability.browserstack.com
2025-12-04T09:21:33.738Z CLI info [testhub:module]  [jalalkhan_vhXeGd]  [45nyelwzrshcxnhjixvatka3kzmuq8egafsl4pfk]  [552cfe44-cc2e-4a70-8698-19847b6e1f92]  stopBuild: 45nyelwzrshcxnhjixvatka3kzmuq8egafsl4pfk request={"finished_at":"2025-12-04T09:21:32.977Z","finished_metadata":[],"custom_metadata":null} response={"data":""}
2025-12-04T09:21:33.741Z CLI info  [jalalkhan_vhXeGd]  [45nyelwzrshcxnhjixvatka3kzmuq8egafsl4pfk]  [552cfe44-cc2e-4a70-8698-19847b6e1f92]  [PRODUCTION] Making POST request to https://api.browserstack.com
2025-12-04T09:21:33.744Z CLI info [TEST REPORTING AND ANALYTICS:module]  [jalalkhan_vhXeGd]  [45nyelwzrshcxnhjixvatka3kzmuq8egafsl4pfk]  [552cfe44-cc2e-4a70-8698-19847b6e1f92]  Visit https://automation.browserstack.com/builds/45nyelwzrshcxnhjixvatka3kzmuq8egafsl4pfk to view build report, insights, and many more debugging information all at one place!
2025-12-04T09:21:34.051Z CLI info  [jalalkhan_vhXeGd]  [45nyelwzrshcxnhjixvatka3kzmuq8egafsl4pfk]  [552cfe44-cc2e-4a70-8698-19847b6e1f92]  [PRODUCTION] Making GET request to https://api.browserstack.com
2025-12-04T09:21:34.365Z CLI info  [jalalkhan_vhXeGd]  [45nyelwzrshcxnhjixvatka3kzmuq8egafsl4pfk]  [552cfe44-cc2e-4a70-8698-19847b6e1f92]  [PRODUCTION] Making POST request to https://eds.browserstack.com
2025-12-04T09:21:35.276Z CLI info [main]  [jalalkhan_vhXeGd]  [45nyelwzrshcxnhjixvatka3kzmuq8egafsl4pfk]  [552cfe44-cc2e-4a70-8698-19847b6e1f92]  Received graceful signal termination, performing cleanup
2026-01-01T11:44:31.093Z CLI info     Config : {"userName":"[REDACTED]","accessKey":"[REDACTED]","platforms":[{"platformName":"Android","appium:platformVersion":"13.0","appium:deviceName":"Google Pixel 7","appium:automationName":"UIAutomator2","appium:autoGrantPermissions":true,"appium:app":"bs://e03ecaf012f9c7233c2ed179e02da4a74f1d3c01","wdioService":"9.20.1"}],"isNonBstackA11yWDIO":false,"accessibility":null,"testObservability":true,"testContextOptions":{"skipSessionName":false,"skipSessionStatus":false,"sessionNameOmitTestTitle":false,"sessionNamePrependTopLevelSuiteTitle":false,"sessionNameFormat":""},"buildTag":[]}
2026-01-01T11:44:31.101Z CLI info     Should start debug utility: undefined
2026-01-01T11:44:31.106Z CLI info [testhub:module]  [jalalkhan_vhXeGd]   [93f1b1d7-0a5d-4d90-becc-277ebf69f6a8]  Starting testhub from 9903:0
2026-01-01T11:44:31.107Z CLI info  [jalalkhan_vhXeGd]   [93f1b1d7-0a5d-4d90-becc-277ebf69f6a8]  [PRODUCTION] Making POST request to https://sdk.browserstack.com
2026-01-01T11:44:32.974Z CLI info [testhub:module]  [jalalkhan_vhXeGd]   [93f1b1d7-0a5d-4d90-becc-277ebf69f6a8]  startBuild: response=nlzlo9jvu7ki9lucmbwo0skzgcialaf0gg2sc4x7
2026-01-01T11:44:32.977Z CLI info  [jalalkhan_vhXeGd]  [nlzlo9jvu7ki9lucmbwo0skzgcialaf0gg2sc4x7]  [93f1b1d7-0a5d-4d90-becc-277ebf69f6a8]  [PRODUCTION] Making POST request to https://api.browserstack.com
2026-01-01T11:44:35.676Z CLI info  [jalalkhan_vhXeGd]  [nlzlo9jvu7ki9lucmbwo0skzgcialaf0gg2sc4x7]  [93f1b1d7-0a5d-4d90-becc-277ebf69f6a8]  [PRODUCTION] Making GET request to https://hub.browserstack.com
2026-01-01T11:44:35.898Z CLI info  [jalalkhan_vhXeGd]  [nlzlo9jvu7ki9lucmbwo0skzgcialaf0gg2sc4x7]  [93f1b1d7-0a5d-4d90-becc-277ebf69f6a8]  [PRODUCTION] Making GET request to https://hub-apse.browserstack.com
2026-01-01T11:44:36.015Z CLI info  [jalalkhan_vhXeGd]  [nlzlo9jvu7ki9lucmbwo0skzgcialaf0gg2sc4x7]  [93f1b1d7-0a5d-4d90-becc-277ebf69f6a8]  [PRODUCTION] Making GET request to https://hub-aps.browserstack.com
2026-01-01T11:44:36.047Z CLI info [sdk:service]  [jalalkhan_vhXeGd]  [nlzlo9jvu7ki9lucmbwo0skzgcialaf0gg2sc4x7]  [93f1b1d7-0a5d-4d90-becc-277ebf69f6a8]  Driver initialized as primary driver: platformIndex=0
2026-01-01T11:44:37.184Z CLI info  [jalalkhan_vhXeGd]  [nlzlo9jvu7ki9lucmbwo0skzgcialaf0gg2sc4x7]  [93f1b1d7-0a5d-4d90-becc-277ebf69f6a8]  [PRODUCTION] Making GET request to https://hub-usw.browserstack.com
2026-01-01T11:45:14.530Z CLI info [testhub:request-queue-handler]  [jalalkhan_vhXeGd]  [nlzlo9jvu7ki9lucmbwo0skzgcialaf0gg2sc4x7]  [93f1b1d7-0a5d-4d90-becc-277ebf69f6a8]  Added the event {
  event_type: 'CBTSessionCreated',
  test_run: {
    uuid: '6cd51718-07e8-49ef-9d17-31602e89858e',
    integrations: { browserstack: [Object] }
  }
} to 9903:0
2026-01-01T11:45:14.533Z CLI info [testhub:request-queue-handler]  [jalalkhan_vhXeGd]  [nlzlo9jvu7ki9lucmbwo0skzgcialaf0gg2sc4x7]  [93f1b1d7-0a5d-4d90-becc-277ebf69f6a8]  Added the event {
  event_type: 'TestRunStarted',
  test_run: {
    type: 'test',
    framework: 'WebdriverIO-mocha',
    uuid: '6cd51718-07e8-49ef-9d17-31602e89858e',
    name: 'opens menu, expands Support Center, and shows Support options',
    body: {
      lang: 'ecmascript',
      code: 'async () => {\n' +
        "    await driver.switchContext('NATIVE_APP')\n" +
        '    await browser.pause(800)\n' +
        '\n' +
        '    // 1) Open sidebar menu\n' +
        '    const hamburgerButton = await $(\n' +
        `      'android=new UiSelector().description("sharedHeader.menuButton.button")',\n` +
        '    )\n' +
        '    await hamburgerButton.waitForDisplayed({ timeout: 10000 })\n' +
        '    await hamburgerButton.click()\n' +
        '\n' +
        '    // 2) Expand Support Center dropdown\n' +
        '    const supportCenterBtn = await $(\n' +
        `      'android=new UiSelector().description("sidebar.supportCenterCard.button")',\n` +
        '    )\n' +
        '    await supportCenterBtn.waitForDisplayed({ timeout: 10000 })\n' +
        '    await supportCenterBtn.click()\n' +
        '\n' +
        '    // 3) Assert dropdown options are visible\n' +
        '    const supportChat = await $(\n' +
        `      'android=new UiSelector().description("sidebar.supportChatCard.button")',\n` +
        '    )\n' +
        '    const contactSupport = await $(\n' +
        `      'android=new UiSelector().description("sidebar.contactSupportCard.button")',\n` +
        '    )\n' +
        '    const knowledgeBase = await $(\n' +
        `      'android=new UiSelector().description("sidebar.knowledgeBaseCard.button")',\n` +
        '    )\n' +
        '\n' +
        '    await expect(supportChat).toBeDisplayed()\n' +
        '    await expect(contactSupport).toBeDisplayed()\n' +
        '    await expect(knowledgeBase).toBeDisplayed()\n' +
        '  }'
    },
    identifier: 'opens menu, expands Support Center, and shows Support options',
    scope: 'Menu – Support Center - opens menu, expands Support Center, and shows Support options',
    scopes: [ 'Menu – Support Center' ],
    file_name: 'test/specs/android/menu/support-center.spec.js',
    vc_filepath: 'test/specs/android/menu/support-center.spec.js',
    location: 'test/specs/android/menu/support-center.spec.js',
    result: 'pending',
    duration_in_ms: null,
    started_at: '2026-01-01T11:45:14.509Z',
    failure: undefined,
    failure_type: undefined,
    failure_reason: undefined,
    retry_of: null,
    custom_metadata: undefined,
    tags: [],
    customRerunParam: { rerun_name: undefined },
    hooks: [],
    product_map: {
      observability: true,
      accessibility: false,
      percy: false,
      automate: true,
      app_automate: false
    }
  },
  logs: []
} to 9903:0
2026-01-01T11:45:14.994Z CLI info [testhub:request-queue-handler]  [jalalkhan_vhXeGd]  [nlzlo9jvu7ki9lucmbwo0skzgcialaf0gg2sc4x7]  [93f1b1d7-0a5d-4d90-becc-277ebf69f6a8]  Processing batch event [
  {
    event_type: 'CBTSessionCreated',
    test_run: {
      uuid: '6cd51718-07e8-49ef-9d17-31602e89858e',
      integrations: [Object]
    }
  },
  {
    event_type: 'TestRunStarted',
    test_run: {
      type: 'test',
      framework: 'WebdriverIO-mocha',
      uuid: '6cd51718-07e8-49ef-9d17-31602e89858e',
      name: 'opens menu, expands Support Center, and shows Support options',
      body: [Object],
      identifier: 'opens menu, expands Support Center, and shows Support options',
      scope: 'Menu – Support Center - opens menu, expands Support Center, and shows Support options',
      scopes: [Array],
      file_name: 'test/specs/android/menu/support-center.spec.js',
      vc_filepath: 'test/specs/android/menu/support-center.spec.js',
      location: 'test/specs/android/menu/support-center.spec.js',
      result: 'pending',
      duration_in_ms: null,
      started_at: '2026-01-01T11:45:14.509Z',
      failure: undefined,
      failure_type: undefined,
      failure_reason: undefined,
      retry_of: null,
      custom_metadata: undefined,
      tags: [],
      customRerunParam: [Object],
      hooks: [],
      product_map: [Object]
    },
    logs: []
  }
] to 9903:0
2026-01-01T11:45:14.997Z CLI info  [jalalkhan_vhXeGd]  [nlzlo9jvu7ki9lucmbwo0skzgcialaf0gg2sc4x7]  [93f1b1d7-0a5d-4d90-becc-277ebf69f6a8]  [PRODUCTION] Making POST request to https://collector-observability.browserstack.com
2026-01-01T11:45:25.853Z CLI warn [TEST REPORTING AND ANALYTICS:webdriverio:mocha]  [jalalkhan_vhXeGd]  [nlzlo9jvu7ki9lucmbwo0skzgcialaf0gg2sc4x7]  [93f1b1d7-0a5d-4d90-becc-277ebf69f6a8]  TestRunFinished: event={"test_framework_name":"WebdriverIO-mocha","test_framework_version":"9.20.1","test_logs":[],"test_hooks_finished":{},"test_hooks_started":{},"test_uuid":"6cd51718-07e8-49ef-9d17-31602e89858e","test_result":"failed","test_hook_last_started":"TestFrameworkState.TEST","test_id":"Menu – Support Center - opens menu, expands Support Center, and shows Support options","test_name":"opens menu, expands Support Center, and shows Support options","test_code":"async () => {\n    await driver.switchContext('NATIVE_APP')\n    await browser.pause(800)\n\n    // 1) Open sidebar menu\n    const hamburgerButton = await $(\n      'android=new UiSelector().description(\"sharedHeader.menuButton.button\")',\n    )\n    await hamburgerButton.waitForDisplayed({ timeout: 10000 })\n    await hamburgerButton.click()\n\n    // 2) Expand Support Center dropdown\n    const supportCenterBtn = await $(\n      'android=new UiSelector().description(\"sidebar.supportCenterCard.button\")',\n    )\n    await supportCenterBtn.waitForDisplayed({ timeout: 10000 })\n    await supportCenterBtn.click()\n\n    // 3) Assert dropdown options are visible\n    const supportChat = await $(\n      'android=new UiSelector().description(\"sidebar.supportChatCard.button\")',\n    )\n    const contactSupport = await $(\n      'android=new UiSelector().description(\"sidebar.contactSupportCard.button\")',\n    )\n    const knowledgeBase = await $(\n      'android=new UiSelector().description(\"sidebar.knowledgeBaseCard.button\")',\n    )\n\n    await expect(supportChat).toBeDisplayed()\n    await expect(contactSupport).toBeDisplayed()\n    await expect(knowledgeBase).toBeDisplayed()\n  }","test_file_path":"test/specs/android/menu/support-center.spec.js","test_location":"test/specs/android/menu/support-center.spec.js","test_scope":"Menu – Support Center - opens menu, expands Support Center, and shows Support options","test_scopes":["Menu – Support Center"],"test_started_at":"2026-01-01T11:45:14.509Z","automate_session_name":"Menu – Support Center - opens menu, expands Support Center, and shows Support options","test_failure":[{"backtrace":["element (\"android=new UiSelector().description(\"sidebar.supportCenterCard.button\")\") still not displayed after 10000ms","Error: element (\"android=new UiSelector().description(\"sidebar.supportCenterCard.button\")\") still not displayed after 10000ms\n    at async Context.<anonymous> (/Users/jalalkhan/wdio-appium/test/specs/android/menu/support-center.spec.js:25:5)"]}],"test_failure_reason":"element (\"android=new UiSelector().description(\"sidebar.supportCenterCard.button\")\") still not displayed after 10000ms","test_failure_type":"UnhandledError","test_ended_at":"2026-01-01T11:45:25.822Z","test_hook_last_finished":"TestFrameworkState.TEST","automate_session_status":"failed","automate_session_reason":"element (\"android=new UiSelector().description(\"sidebar.supportCenterCard.button\")\") still not displayed after 10000ms","test_deferred":true,"logs":[]}
2026-01-01T11:45:25.855Z CLI info [testhub:request-queue-handler]  [jalalkhan_vhXeGd]  [nlzlo9jvu7ki9lucmbwo0skzgcialaf0gg2sc4x7]  [93f1b1d7-0a5d-4d90-becc-277ebf69f6a8]  Added the event {
  event_type: 'TestRunFinished',
  test_run: {
    type: 'test',
    framework: 'WebdriverIO-mocha',
    uuid: '6cd51718-07e8-49ef-9d17-31602e89858e',
    name: 'opens menu, expands Support Center, and shows Support options',
    body: {
      lang: 'ecmascript',
      code: 'async () => {\n' +
        "    await driver.switchContext('NATIVE_APP')\n" +
        '    await browser.pause(800)\n' +
        '\n' +
        '    // 1) Open sidebar menu\n' +
        '    const hamburgerButton = await $(\n' +
        `      'android=new UiSelector().description("sharedHeader.menuButton.button")',\n` +
        '    )\n' +
        '    await hamburgerButton.waitForDisplayed({ timeout: 10000 })\n' +
        '    await hamburgerButton.click()\n' +
        '\n' +
        '    // 2) Expand Support Center dropdown\n' +
        '    const supportCenterBtn = await $(\n' +
        `      'android=new UiSelector().description("sidebar.supportCenterCard.button")',\n` +
        '    )\n' +
        '    await supportCenterBtn.waitForDisplayed({ timeout: 10000 })\n' +
        '    await supportCenterBtn.click()\n' +
        '\n' +
        '    // 3) Assert dropdown options are visible\n' +
        '    const supportChat = await $(\n' +
        `      'android=new UiSelector().description("sidebar.supportChatCard.button")',\n` +
        '    )\n' +
        '    const contactSupport = await $(\n' +
        `      'android=new UiSelector().description("sidebar.contactSupportCard.button")',\n` +
        '    )\n' +
        '    const knowledgeBase = await $(\n' +
        `      'android=new UiSelector().description("sidebar.knowledgeBaseCard.button")',\n` +
        '    )\n' +
        '\n' +
        '    await expect(supportChat).toBeDisplayed()\n' +
        '    await expect(contactSupport).toBeDisplayed()\n' +
        '    await expect(knowledgeBase).toBeDisplayed()\n' +
        '  }'
    },
    identifier: 'opens menu, expands Support Center, and shows Support options',
    scope: 'Menu – Support Center - opens menu, expands Support Center, and shows Support options',
    scopes: [ 'Menu – Support Center' ],
    file_name: 'test/specs/android/menu/support-center.spec.js',
    vc_filepath: 'test/specs/android/menu/support-center.spec.js',
    location: 'test/specs/android/menu/support-center.spec.js',
    result: 'failed',
    duration_in_ms: 11313,
    started_at: '2026-01-01T11:45:14.509Z',
    finished_at: '2026-01-01T11:45:25.822Z',
    failure: [ [Object] ],
    failure_type: 'UnhandledError',
    failure_reason: 'element ("android=new UiSelector().description("sidebar.supportCenterCard.button")") still not displayed after 10000ms',
    retry_of: null,
    custom_metadata: undefined,
    tags: [],
    customRerunParam: { rerun_name: undefined },
    hooks: [],
    product_map: {
      observability: true,
      accessibility: false,
      percy: false,
      automate: true,
      app_automate: false
    }
  },
  logs: []
} to 9903:0
2026-01-01T11:45:26.998Z CLI info [testhub:request-queue-handler]  [jalalkhan_vhXeGd]  [nlzlo9jvu7ki9lucmbwo0skzgcialaf0gg2sc4x7]  [93f1b1d7-0a5d-4d90-becc-277ebf69f6a8]  Processing batch event [
  {
    event_type: 'TestRunFinished',
    test_run: {
      type: 'test',
      framework: 'WebdriverIO-mocha',
      uuid: '6cd51718-07e8-49ef-9d17-31602e89858e',
      name: 'opens menu, expands Support Center, and shows Support options',
      body: [Object],
      identifier: 'opens menu, expands Support Center, and shows Support options',
      scope: 'Menu – Support Center - opens menu, expands Support Center, and shows Support options',
      scopes: [Array],
      file_name: 'test/specs/android/menu/support-center.spec.js',
      vc_filepath: 'test/specs/android/menu/support-center.spec.js',
      location: 'test/specs/android/menu/support-center.spec.js',
      result: 'failed',
      duration_in_ms: 11313,
      started_at: '2026-01-01T11:45:14.509Z',
      finished_at: '2026-01-01T11:45:25.822Z',
      failure: [Array],
      failure_type: 'UnhandledError',
      failure_reason: 'element ("android=new UiSelector().description("sidebar.supportCenterCard.button")") still not displayed after 10000ms',
      retry_of: null,
      custom_metadata: undefined,
      tags: [],
      customRerunParam: [Object],
      hooks: [],
      product_map: [Object]
    },
    logs: []
  }
] to 9903:0
2026-01-01T11:45:27.000Z CLI info  [jalalkhan_vhXeGd]  [nlzlo9jvu7ki9lucmbwo0skzgcialaf0gg2sc4x7]  [93f1b1d7-0a5d-4d90-becc-277ebf69f6a8]  [PRODUCTION] Making POST request to https://collector-observability.browserstack.com
2026-01-01T11:45:30.203Z CLI info  [jalalkhan_vhXeGd]  [nlzlo9jvu7ki9lucmbwo0skzgcialaf0gg2sc4x7]  [93f1b1d7-0a5d-4d90-becc-277ebf69f6a8]  [PRODUCTION] Making PUT request to https://collector-observability.browserstack.com
2026-01-01T11:45:30.901Z CLI info [testhub:module]  [jalalkhan_vhXeGd]  [nlzlo9jvu7ki9lucmbwo0skzgcialaf0gg2sc4x7]  [93f1b1d7-0a5d-4d90-becc-277ebf69f6a8]  stopBuild: nlzlo9jvu7ki9lucmbwo0skzgcialaf0gg2sc4x7 request={"finished_at":"2026-01-01T11:45:30.202Z","finished_metadata":[],"custom_metadata":null} response={"data":""}
2026-01-01T11:45:30.903Z CLI info  [jalalkhan_vhXeGd]  [nlzlo9jvu7ki9lucmbwo0skzgcialaf0gg2sc4x7]  [93f1b1d7-0a5d-4d90-becc-277ebf69f6a8]  [PRODUCTION] Making POST request to https://api.browserstack.com
2026-01-01T11:45:30.907Z CLI info [TEST REPORTING AND ANALYTICS:module]  [jalalkhan_vhXeGd]  [nlzlo9jvu7ki9lucmbwo0skzgcialaf0gg2sc4x7]  [93f1b1d7-0a5d-4d90-becc-277ebf69f6a8]  Visit https://automation.browserstack.com/builds/nlzlo9jvu7ki9lucmbwo0skzgcialaf0gg2sc4x7 to view build report, insights, and many more debugging information all at one place!
2026-01-01T11:45:31.220Z CLI info  [jalalkhan_vhXeGd]  [nlzlo9jvu7ki9lucmbwo0skzgcialaf0gg2sc4x7]  [93f1b1d7-0a5d-4d90-becc-277ebf69f6a8]  [PRODUCTION] Making GET request to https://api.browserstack.com
2026-01-01T11:45:31.530Z CLI info  [jalalkhan_vhXeGd]  [nlzlo9jvu7ki9lucmbwo0skzgcialaf0gg2sc4x7]  [93f1b1d7-0a5d-4d90-becc-277ebf69f6a8]  [PRODUCTION] Making POST request to https://eds.browserstack.com
2026-01-01T11:45:32.444Z CLI info [main]  [jalalkhan_vhXeGd]  [nlzlo9jvu7ki9lucmbwo0skzgcialaf0gg2sc4x7]  [93f1b1d7-0a5d-4d90-becc-277ebf69f6a8]  Received graceful signal termination, performing cleanup
2026-01-01T11:47:06.166Z CLI info     Config : {"userName":"[REDACTED]","accessKey":"[REDACTED]","platforms":[{"platformName":"Android","appium:platformVersion":"13.0","appium:deviceName":"Google Pixel 7","appium:automationName":"UIAutomator2","appium:autoGrantPermissions":true,"appium:app":"bs://e03ecaf012f9c7233c2ed179e02da4a74f1d3c01","wdioService":"9.20.1"}],"isNonBstackA11yWDIO":false,"accessibility":null,"testObservability":true,"testContextOptions":{"skipSessionName":false,"skipSessionStatus":false,"sessionNameOmitTestTitle":false,"sessionNamePrependTopLevelSuiteTitle":false,"sessionNameFormat":""},"buildTag":[]}
2026-01-01T11:47:06.177Z CLI info     Should start debug utility: undefined
2026-01-01T11:47:06.181Z CLI info [testhub:module]  [jalalkhan_vhXeGd]   [cfcdde82-b56d-425c-8998-438f7d822264]  Starting testhub from 10490:0
2026-01-01T11:47:06.183Z CLI info  [jalalkhan_vhXeGd]   [cfcdde82-b56d-425c-8998-438f7d822264]  [PRODUCTION] Making POST request to https://sdk.browserstack.com
2026-01-01T11:47:07.757Z CLI info [testhub:module]  [jalalkhan_vhXeGd]   [cfcdde82-b56d-425c-8998-438f7d822264]  startBuild: response=ywskzkhneoa63tahqzxejwincebnezwx9jbuotfj
2026-01-01T11:47:07.760Z CLI info  [jalalkhan_vhXeGd]  [ywskzkhneoa63tahqzxejwincebnezwx9jbuotfj]  [cfcdde82-b56d-425c-8998-438f7d822264]  [PRODUCTION] Making POST request to https://api.browserstack.com
2026-01-01T11:47:09.561Z CLI info  [jalalkhan_vhXeGd]  [ywskzkhneoa63tahqzxejwincebnezwx9jbuotfj]  [cfcdde82-b56d-425c-8998-438f7d822264]  [PRODUCTION] Making GET request to https://hub.browserstack.com
2026-01-01T11:47:09.760Z CLI info  [jalalkhan_vhXeGd]  [ywskzkhneoa63tahqzxejwincebnezwx9jbuotfj]  [cfcdde82-b56d-425c-8998-438f7d822264]  [PRODUCTION] Making GET request to https://hub-apse.browserstack.com
2026-01-01T11:47:09.866Z CLI info  [jalalkhan_vhXeGd]  [ywskzkhneoa63tahqzxejwincebnezwx9jbuotfj]  [cfcdde82-b56d-425c-8998-438f7d822264]  [PRODUCTION] Making GET request to https://hub-aps.browserstack.com
2026-01-01T11:47:09.899Z CLI info [sdk:service]  [jalalkhan_vhXeGd]  [ywskzkhneoa63tahqzxejwincebnezwx9jbuotfj]  [cfcdde82-b56d-425c-8998-438f7d822264]  Driver initialized as primary driver: platformIndex=0
2026-01-01T11:47:11.028Z CLI info  [jalalkhan_vhXeGd]  [ywskzkhneoa63tahqzxejwincebnezwx9jbuotfj]  [cfcdde82-b56d-425c-8998-438f7d822264]  [PRODUCTION] Making GET request to https://hub-usw.browserstack.com
2026-01-01T11:47:41.861Z CLI info [testhub:request-queue-handler]  [jalalkhan_vhXeGd]  [ywskzkhneoa63tahqzxejwincebnezwx9jbuotfj]  [cfcdde82-b56d-425c-8998-438f7d822264]  Added the event {
  event_type: 'CBTSessionCreated',
  test_run: {
    uuid: 'e9e81e56-4a5b-4f3a-a9d6-a0ca564fa36a',
    integrations: { browserstack: [Object] }
  }
} to 10490:0
2026-01-01T11:47:41.864Z CLI info [testhub:request-queue-handler]  [jalalkhan_vhXeGd]  [ywskzkhneoa63tahqzxejwincebnezwx9jbuotfj]  [cfcdde82-b56d-425c-8998-438f7d822264]  Added the event {
  event_type: 'TestRunStarted',
  test_run: {
    type: 'test',
    framework: 'WebdriverIO-mocha',
    uuid: 'e9e81e56-4a5b-4f3a-a9d6-a0ca564fa36a',
    name: 'opens menu, expands Support Center, and shows Support options',
    body: {
      lang: 'ecmascript',
      code: 'async () => {\n' +
        "    await driver.switchContext('NATIVE_APP')\n" +
        '    await browser.pause(800)\n' +
        '\n' +
        '    // 1) Open sidebar menu\n' +
        '    const hamburgerButton = await $(\n' +
        `      'android=new UiSelector().description("sharedHeader.menuButton.button")',\n` +
        '    )\n' +
        '    await hamburgerButton.waitForDisplayed({ timeout: 10000 })\n' +
        '    await hamburgerButton.click()\n' +
        '\n' +
        '    // 2) Expand Support Center dropdown\n' +
        '    const supportCenterBtn = await $(\n' +
        `      'android=new UiSelector().description("sidebar.supportCenterCard.button")',\n` +
        '    )\n' +
        '    await supportCenterBtn.waitForDisplayed({ timeout: 10000 })\n' +
        '    await supportCenterBtn.click()\n' +
        '\n' +
        '    // 3) Assert dropdown options are visible\n' +
        '    const supportChat = await $(\n' +
        `      'android=new UiSelector().description("sidebar.supportChatCard.button")',\n` +
        '    )\n' +
        '    const contactSupport = await $(\n' +
        `      'android=new UiSelector().description("sidebar.contactSupportCard.button")',\n` +
        '    )\n' +
        '    const knowledgeBase = await $(\n' +
        `      'android=new UiSelector().description("sidebar.knowledgeBaseCard.button")',\n` +
        '    )\n' +
        '\n' +
        '    await expect(supportChat).toBeDisplayed()\n' +
        '    await expect(contactSupport).toBeDisplayed()\n' +
        '    await expect(knowledgeBase).toBeDisplayed()\n' +
        '  }'
    },
    identifier: 'opens menu, expands Support Center, and shows Support options',
    scope: 'Menu – Support Center - opens menu, expands Support Center, and shows Support options',
    scopes: [ 'Menu – Support Center' ],
    file_name: 'test/specs/android/menu/support-center.spec.js',
    vc_filepath: 'test/specs/android/menu/support-center.spec.js',
    location: 'test/specs/android/menu/support-center.spec.js',
    result: 'pending',
    duration_in_ms: null,
    started_at: '2026-01-01T11:47:41.840Z',
    failure: undefined,
    failure_type: undefined,
    failure_reason: undefined,
    retry_of: null,
    custom_metadata: undefined,
    tags: [],
    customRerunParam: { rerun_name: undefined },
    hooks: [],
    product_map: {
      observability: true,
      accessibility: false,
      percy: false,
      automate: true,
      app_automate: false
    }
  },
  logs: []
} to 10490:0
2026-01-01T11:47:43.774Z CLI info [testhub:request-queue-handler]  [jalalkhan_vhXeGd]  [ywskzkhneoa63tahqzxejwincebnezwx9jbuotfj]  [cfcdde82-b56d-425c-8998-438f7d822264]  Processing batch event [
  {
    event_type: 'CBTSessionCreated',
    test_run: {
      uuid: 'e9e81e56-4a5b-4f3a-a9d6-a0ca564fa36a',
      integrations: [Object]
    }
  },
  {
    event_type: 'TestRunStarted',
    test_run: {
      type: 'test',
      framework: 'WebdriverIO-mocha',
      uuid: 'e9e81e56-4a5b-4f3a-a9d6-a0ca564fa36a',
      name: 'opens menu, expands Support Center, and shows Support options',
      body: [Object],
      identifier: 'opens menu, expands Support Center, and shows Support options',
      scope: 'Menu – Support Center - opens menu, expands Support Center, and shows Support options',
      scopes: [Array],
      file_name: 'test/specs/android/menu/support-center.spec.js',
      vc_filepath: 'test/specs/android/menu/support-center.spec.js',
      location: 'test/specs/android/menu/support-center.spec.js',
      result: 'pending',
      duration_in_ms: null,
      started_at: '2026-01-01T11:47:41.840Z',
      failure: undefined,
      failure_type: undefined,
      failure_reason: undefined,
      retry_of: null,
      custom_metadata: undefined,
      tags: [],
      customRerunParam: [Object],
      hooks: [],
      product_map: [Object]
    },
    logs: []
  }
] to 10490:0
2026-01-01T11:47:43.776Z CLI info  [jalalkhan_vhXeGd]  [ywskzkhneoa63tahqzxejwincebnezwx9jbuotfj]  [cfcdde82-b56d-425c-8998-438f7d822264]  [PRODUCTION] Making POST request to https://collector-observability.browserstack.com
2026-01-01T11:47:45.782Z CLI warn [TEST REPORTING AND ANALYTICS:webdriverio:mocha]  [jalalkhan_vhXeGd]  [ywskzkhneoa63tahqzxejwincebnezwx9jbuotfj]  [cfcdde82-b56d-425c-8998-438f7d822264]  TestRunFinished: event={"test_framework_name":"WebdriverIO-mocha","test_framework_version":"9.20.1","test_logs":[],"test_hooks_finished":{},"test_hooks_started":{},"test_uuid":"e9e81e56-4a5b-4f3a-a9d6-a0ca564fa36a","test_result":"passed","test_hook_last_started":"TestFrameworkState.TEST","test_id":"Menu – Support Center - opens menu, expands Support Center, and shows Support options","test_name":"opens menu, expands Support Center, and shows Support options","test_code":"async () => {\n    await driver.switchContext('NATIVE_APP')\n    await browser.pause(800)\n\n    // 1) Open sidebar menu\n    const hamburgerButton = await $(\n      'android=new UiSelector().description(\"sharedHeader.menuButton.button\")',\n    )\n    await hamburgerButton.waitForDisplayed({ timeout: 10000 })\n    await hamburgerButton.click()\n\n    // 2) Expand Support Center dropdown\n    const supportCenterBtn = await $(\n      'android=new UiSelector().description(\"sidebar.supportCenterCard.button\")',\n    )\n    await supportCenterBtn.waitForDisplayed({ timeout: 10000 })\n    await supportCenterBtn.click()\n\n    // 3) Assert dropdown options are visible\n    const supportChat = await $(\n      'android=new UiSelector().description(\"sidebar.supportChatCard.button\")',\n    )\n    const contactSupport = await $(\n      'android=new UiSelector().description(\"sidebar.contactSupportCard.button\")',\n    )\n    const knowledgeBase = await $(\n      'android=new UiSelector().description(\"sidebar.knowledgeBaseCard.button\")',\n    )\n\n    await expect(supportChat).toBeDisplayed()\n    await expect(contactSupport).toBeDisplayed()\n    await expect(knowledgeBase).toBeDisplayed()\n  }","test_file_path":"test/specs/android/menu/support-center.spec.js","test_location":"test/specs/android/menu/support-center.spec.js","test_scope":"Menu – Support Center - opens menu, expands Support Center, and shows Support options","test_scopes":["Menu – Support Center"],"test_started_at":"2026-01-01T11:47:41.840Z","automate_session_name":"Menu – Support Center - opens menu, expands Support Center, and shows Support options","test_failure":null,"test_failure_reason":null,"test_failure_type":null,"test_ended_at":"2026-01-01T11:47:45.775Z","test_hook_last_finished":"TestFrameworkState.TEST","automate_session_status":"passed","test_deferred":true,"logs":[]}
2026-01-01T11:47:45.784Z CLI info [testhub:request-queue-handler]  [jalalkhan_vhXeGd]  [ywskzkhneoa63tahqzxejwincebnezwx9jbuotfj]  [cfcdde82-b56d-425c-8998-438f7d822264]  Added the event {
  event_type: 'TestRunFinished',
  test_run: {
    type: 'test',
    framework: 'WebdriverIO-mocha',
    uuid: 'e9e81e56-4a5b-4f3a-a9d6-a0ca564fa36a',
    name: 'opens menu, expands Support Center, and shows Support options',
    body: {
      lang: 'ecmascript',
      code: 'async () => {\n' +
        "    await driver.switchContext('NATIVE_APP')\n" +
        '    await browser.pause(800)\n' +
        '\n' +
        '    // 1) Open sidebar menu\n' +
        '    const hamburgerButton = await $(\n' +
        `      'android=new UiSelector().description("sharedHeader.menuButton.button")',\n` +
        '    )\n' +
        '    await hamburgerButton.waitForDisplayed({ timeout: 10000 })\n' +
        '    await hamburgerButton.click()\n' +
        '\n' +
        '    // 2) Expand Support Center dropdown\n' +
        '    const supportCenterBtn = await $(\n' +
        `      'android=new UiSelector().description("sidebar.supportCenterCard.button")',\n` +
        '    )\n' +
        '    await supportCenterBtn.waitForDisplayed({ timeout: 10000 })\n' +
        '    await supportCenterBtn.click()\n' +
        '\n' +
        '    // 3) Assert dropdown options are visible\n' +
        '    const supportChat = await $(\n' +
        `      'android=new UiSelector().description("sidebar.supportChatCard.button")',\n` +
        '    )\n' +
        '    const contactSupport = await $(\n' +
        `      'android=new UiSelector().description("sidebar.contactSupportCard.button")',\n` +
        '    )\n' +
        '    const knowledgeBase = await $(\n' +
        `      'android=new UiSelector().description("sidebar.knowledgeBaseCard.button")',\n` +
        '    )\n' +
        '\n' +
        '    await expect(supportChat).toBeDisplayed()\n' +
        '    await expect(contactSupport).toBeDisplayed()\n' +
        '    await expect(knowledgeBase).toBeDisplayed()\n' +
        '  }'
    },
    identifier: 'opens menu, expands Support Center, and shows Support options',
    scope: 'Menu – Support Center - opens menu, expands Support Center, and shows Support options',
    scopes: [ 'Menu – Support Center' ],
    file_name: 'test/specs/android/menu/support-center.spec.js',
    vc_filepath: 'test/specs/android/menu/support-center.spec.js',
    location: 'test/specs/android/menu/support-center.spec.js',
    result: 'passed',
    duration_in_ms: 3935,
    started_at: '2026-01-01T11:47:41.840Z',
    finished_at: '2026-01-01T11:47:45.775Z',
    failure: null,
    failure_type: null,
    failure_reason: null,
    retry_of: null,
    custom_metadata: undefined,
    tags: [],
    customRerunParam: { rerun_name: undefined },
    hooks: [],
    product_map: {
      observability: true,
      accessibility: false,
      percy: false,
      automate: true,
      app_automate: false
    }
  },
  logs: []
} to 10490:0
2026-01-01T11:47:47.775Z CLI info [testhub:request-queue-handler]  [jalalkhan_vhXeGd]  [ywskzkhneoa63tahqzxejwincebnezwx9jbuotfj]  [cfcdde82-b56d-425c-8998-438f7d822264]  Processing batch event [
  {
    event_type: 'TestRunFinished',
    test_run: {
      type: 'test',
      framework: 'WebdriverIO-mocha',
      uuid: 'e9e81e56-4a5b-4f3a-a9d6-a0ca564fa36a',
      name: 'opens menu, expands Support Center, and shows Support options',
      body: [Object],
      identifier: 'opens menu, expands Support Center, and shows Support options',
      scope: 'Menu – Support Center - opens menu, expands Support Center, and shows Support options',
      scopes: [Array],
      file_name: 'test/specs/android/menu/support-center.spec.js',
      vc_filepath: 'test/specs/android/menu/support-center.spec.js',
      location: 'test/specs/android/menu/support-center.spec.js',
      result: 'passed',
      duration_in_ms: 3935,
      started_at: '2026-01-01T11:47:41.840Z',
      finished_at: '2026-01-01T11:47:45.775Z',
      failure: null,
      failure_type: null,
      failure_reason: null,
      retry_of: null,
      custom_metadata: undefined,
      tags: [],
      customRerunParam: [Object],
      hooks: [],
      product_map: [Object]
    },
    logs: []
  }
] to 10490:0
2026-01-01T11:47:47.776Z CLI info  [jalalkhan_vhXeGd]  [ywskzkhneoa63tahqzxejwincebnezwx9jbuotfj]  [cfcdde82-b56d-425c-8998-438f7d822264]  [PRODUCTION] Making POST request to https://collector-observability.browserstack.com
2026-01-01T11:47:50.212Z CLI info  [jalalkhan_vhXeGd]  [ywskzkhneoa63tahqzxejwincebnezwx9jbuotfj]  [cfcdde82-b56d-425c-8998-438f7d822264]  [PRODUCTION] Making PUT request to https://collector-observability.browserstack.com
2026-01-01T11:47:50.927Z CLI info [testhub:module]  [jalalkhan_vhXeGd]  [ywskzkhneoa63tahqzxejwincebnezwx9jbuotfj]  [cfcdde82-b56d-425c-8998-438f7d822264]  stopBuild: ywskzkhneoa63tahqzxejwincebnezwx9jbuotfj request={"finished_at":"2026-01-01T11:47:50.211Z","finished_metadata":[],"custom_metadata":null} response={"data":""}
2026-01-01T11:47:50.929Z CLI info  [jalalkhan_vhXeGd]  [ywskzkhneoa63tahqzxejwincebnezwx9jbuotfj]  [cfcdde82-b56d-425c-8998-438f7d822264]  [PRODUCTION] Making POST request to https://api.browserstack.com
2026-01-01T11:47:50.933Z CLI info [TEST REPORTING AND ANALYTICS:module]  [jalalkhan_vhXeGd]  [ywskzkhneoa63tahqzxejwincebnezwx9jbuotfj]  [cfcdde82-b56d-425c-8998-438f7d822264]  Visit https://automation.browserstack.com/builds/ywskzkhneoa63tahqzxejwincebnezwx9jbuotfj to view build report, insights, and many more debugging information all at one place!
2026-01-01T11:47:51.315Z CLI info  [jalalkhan_vhXeGd]  [ywskzkhneoa63tahqzxejwincebnezwx9jbuotfj]  [cfcdde82-b56d-425c-8998-438f7d822264]  [PRODUCTION] Making GET request to https://api.browserstack.com
2026-01-01T11:47:51.634Z CLI info  [jalalkhan_vhXeGd]  [ywskzkhneoa63tahqzxejwincebnezwx9jbuotfj]  [cfcdde82-b56d-425c-8998-438f7d822264]  [PRODUCTION] Making POST request to https://eds.browserstack.com
2026-01-01T11:47:52.548Z CLI info [main]  [jalalkhan_vhXeGd]  [ywskzkhneoa63tahqzxejwincebnezwx9jbuotfj]  [cfcdde82-b56d-425c-8998-438f7d822264]  Received graceful signal termination, performing cleanup
2026-01-01T13:04:02.209Z CLI info     Config : {"userName":"[REDACTED]","accessKey":"[REDACTED]","platforms":[{"platformName":"Android","appium:platformVersion":"13.0","appium:deviceName":"Google Pixel 7","appium:automationName":"UIAutomator2","appium:autoGrantPermissions":true,"appium:app":"bs://e03ecaf012f9c7233c2ed179e02da4a74f1d3c01","wdioService":"9.20.1"}],"isNonBstackA11yWDIO":false,"accessibility":null,"testObservability":true,"testContextOptions":{"skipSessionName":false,"skipSessionStatus":false,"sessionNameOmitTestTitle":false,"sessionNamePrependTopLevelSuiteTitle":false,"sessionNameFormat":""},"buildTag":[]}
2026-01-01T13:04:02.221Z CLI info     Should start debug utility: undefined
2026-01-01T13:04:02.225Z CLI info [testhub:module]  [jalalkhan_vhXeGd]   [c1c6d08d-d881-4576-9596-b0ce23755444]  Starting testhub from 22930:0
2026-01-01T13:04:02.226Z CLI info  [jalalkhan_vhXeGd]   [c1c6d08d-d881-4576-9596-b0ce23755444]  [PRODUCTION] Making POST request to https://sdk.browserstack.com
2026-01-01T13:04:03.109Z CLI info [testhub:module]  [jalalkhan_vhXeGd]   [c1c6d08d-d881-4576-9596-b0ce23755444]  startBuild: response=yszymxobmpz5ckmlwxczogksmwnla7xuibsgpazr
2026-01-01T13:04:03.112Z CLI info  [jalalkhan_vhXeGd]  [yszymxobmpz5ckmlwxczogksmwnla7xuibsgpazr]  [c1c6d08d-d881-4576-9596-b0ce23755444]  [PRODUCTION] Making POST request to https://api.browserstack.com
2026-01-01T13:04:05.040Z CLI info  [jalalkhan_vhXeGd]  [yszymxobmpz5ckmlwxczogksmwnla7xuibsgpazr]  [c1c6d08d-d881-4576-9596-b0ce23755444]  [PRODUCTION] Making GET request to https://hub.browserstack.com
2026-01-01T13:04:05.322Z CLI info  [jalalkhan_vhXeGd]  [yszymxobmpz5ckmlwxczogksmwnla7xuibsgpazr]  [c1c6d08d-d881-4576-9596-b0ce23755444]  [PRODUCTION] Making GET request to https://hub-apse.browserstack.com
2026-01-01T13:04:05.428Z CLI info  [jalalkhan_vhXeGd]  [yszymxobmpz5ckmlwxczogksmwnla7xuibsgpazr]  [c1c6d08d-d881-4576-9596-b0ce23755444]  [PRODUCTION] Making GET request to https://hub-aps.browserstack.com
2026-01-01T13:04:05.459Z CLI info [sdk:service]  [jalalkhan_vhXeGd]  [yszymxobmpz5ckmlwxczogksmwnla7xuibsgpazr]  [c1c6d08d-d881-4576-9596-b0ce23755444]  Driver initialized as primary driver: platformIndex=0
2026-01-01T13:04:06.404Z CLI info  [jalalkhan_vhXeGd]  [yszymxobmpz5ckmlwxczogksmwnla7xuibsgpazr]  [c1c6d08d-d881-4576-9596-b0ce23755444]  [PRODUCTION] Making GET request to https://hub-usw.browserstack.com
2026-01-01T13:04:35.625Z CLI info [testhub:request-queue-handler]  [jalalkhan_vhXeGd]  [yszymxobmpz5ckmlwxczogksmwnla7xuibsgpazr]  [c1c6d08d-d881-4576-9596-b0ce23755444]  Added the event {
  event_type: 'CBTSessionCreated',
  test_run: {
    uuid: '0070cade-15e7-469a-95bf-36f21b312e9d',
    integrations: { browserstack: [Object] }
  }
} to 22930:0
2026-01-01T13:04:35.632Z CLI info [testhub:request-queue-handler]  [jalalkhan_vhXeGd]  [yszymxobmpz5ckmlwxczogksmwnla7xuibsgpazr]  [c1c6d08d-d881-4576-9596-b0ce23755444]  Added the event {
  event_type: 'TestRunStarted',
  test_run: {
    type: 'test',
    framework: 'WebdriverIO-mocha',
    uuid: '0070cade-15e7-469a-95bf-36f21b312e9d',
    name: 'opens Contact Support and validates the Contact Support screen',
    body: {
      lang: 'ecmascript',
      code: 'async () => {\n' +
        "    const APP_PKG = 'com.rolleaseacmeda.automatepulse'\n" +
        "    const CHROME_PKG = 'com.android.chrome'\n" +
        '\n' +
        '    // If Chrome is foreground, bring app back (safe guard)\n' +
        '    if ((await driver.getCurrentPackage()) === CHROME_PKG) {\n' +
        '      await driver.activateApp(APP_PKG)\n' +
        '      await browser.pause(1000)\n' +
        '    }\n' +
        '\n' +
        '    // ---------- WAIT FOR HOME TO SETTLE ----------\n' +
        '    const homeHeaderMarker = await $(\n' +
        `      'android=new UiSelector().description("sharedHeader.rightButton.button")',\n` +
        '    )\n' +
        '    await homeHeaderMarker.waitForDisplayed({\n' +
        '      timeout: 20000,\n' +
        "      timeoutMsg: 'Home header marker not visible after login',\n" +
        '    })\n' +
        '\n' +
        '    await browser.pause(7000)\n' +
        '\n' +
        '    // ---------- OPEN DRAWER (ONCE) ----------\n' +
        '    const hamburgerButton = await $(\n' +
        `      'android=new UiSelector().description("sharedHeader.menuButton.button")',\n` +
        '    )\n' +
        '    await hamburgerButton.waitForDisplayed({\n' +
        '      timeout: 15000,\n' +
        "      timeoutMsg: 'Hamburger button not visible on main screen',\n" +
        '    })\n' +
        '    await hamburgerButton.click()\n' +
        '\n' +
        '    await browser.waitUntil(\n' +
        '      async () => {\n' +
        '        const supportCenterExists = await $(\n' +
        `          'android=new UiSelector().description("sidebar.supportCenterCard.button")',\n` +
        '        )\n' +
        '          .isDisplayed()\n' +
        '          .catch(() => false)\n' +
        '\n' +
        '        const knowledgeBaseExists = await $(\n' +
        `          'android=new UiSelector().description("sidebar.knowledgeBaseCard.button")',\n` +
        '        )\n' +
        '          .isDisplayed()\n' +
        '          .catch(() => false)\n' +
        '\n' +
        '        return supportCenterExists || knowledgeBaseExists\n' +
        '      },\n' +
        '      {\n' +
        '        timeout: 15000,\n' +
        '        interval: 400,\n' +
        "        timeoutMsg: 'Drawer opened but content not ready',\n" +
        '      },\n' +
        '    )\n' +
        '\n' +
        '    // ---------- OPEN SUPPORT CENTER ----------\n' +
        '    const supportCenterBtn = await $(\n' +
        "      'android=new UiScrollable(new UiSelector().scrollable(true))' +\n" +
        `        '.scrollIntoView(new UiSelector().description("sidebar.supportCenterCard.button"))',\n` +
        '    )\n' +
        '    await supportCenterBtn.waitForDisplayed({\n' +
        '      timeout: 10000,\n' +
        "      timeoutMsg: 'Support Center not visible in drawer',\n" +
        '    })\n' +
        '    await supportCenterBtn.click()\n' +
        '\n' +
        '    // ✅ WAIT FOR SUPPORT CENTER CONTENT TO FINISH RENDERING\n' +
        '    const supportChatBtn = await $(\n' +
        `      'android=new UiSelector().description("sidebar.supportChatCard.button")',\n` +
        '    )\n' +
        '    await supportChatBtn.waitForDisplayed({\n' +
        '      timeout: 10000,\n' +
        "      timeoutMsg: 'Support Center expanded but content not ready',\n" +
        '    })\n' +
        '\n' +
        '    // ---------- NOW SAFE TO ACCESS CONTACT SUPPORT ----------\n' +
        '    const contactSupportBtn = await $(\n' +
        `      'android=new UiSelector().description("sidebar.contactSupportCard.button")',\n` +
        '    )\n' +
        '    await contactSupportBtn.waitForDisplayed({\n' +
        '      timeout: 10000,\n' +
        "      timeoutMsg: 'Contact Support not visible after Support Center expanded',\n" +
        '    })\n' +
        '    await contactSupportBtn.click()\n' +
        '\n' +
        '    // ---------- ASSERT CONTACT SUPPORT SCREEN (IN-APP) ----------\n' +
        `    const heading = await $('android=new UiSelector().text("How can we help?")')\n` +
        '    await heading.waitForDisplayed({\n' +
        '      timeout: 15000,\n' +
        `      timeoutMsg: '"How can we help?" not visible on Contact Support screen',\n` +
        '    })\n' +
        '    await expect(heading).toBeDisplayed()\n' +
        '\n' +
        '    const bodyText = await $(\n' +
        `      'android=new UiSelector().text("Whether you have questions about a product, need technical support or anything else, our team is ready to support you.")',\n` +
        '    )\n' +
        '    await bodyText.waitForDisplayed({\n' +
        '      timeout: 15000,\n' +
        "      timeoutMsg: 'Expected description text not visible on Contact Support screen',\n" +
        '    })\n' +
        '    await expect(bodyText).toBeDisplayed()\n' +
        '\n' +
        '    // ---------- GO BACK TO HOME ----------\n' +
        '    const backBtn = await $(\n' +
        `      'android=new UiSelector().description("sharedHeader.backButton.button")',\n` +
        '    )\n' +
        '    await backBtn.waitForDisplayed({ timeout: 15000 })\n' +
        '    await backBtn.click()\n' +
        '\n' +
        '    // ---------- FINAL SANITY ----------\n' +
        '    const hamburgerAgain = await $(\n' +
        `      'android=new UiSelector().description("sharedHeader.menuButton.button")',\n` +
        '    )\n' +
        '    await hamburgerAgain.waitForDisplayed({\n' +
        '      timeout: 15000,\n' +
        "      timeoutMsg: 'Returned to home but hamburger not visible',\n" +
        '    })\n' +
        '    await expect(hamburgerAgain).toBeDisplayed()\n' +
        '  }'
    },
    identifier: 'opens Contact Support and validates the Contact Support screen',
    scope: 'Menu – Contact Support (Web) - opens Contact Support and validates the Contact Support screen',
    scopes: [ 'Menu – Contact Support (Web)' ],
    file_name: 'test/specs/android/menu/contact-support-inapp.spec.js',
    vc_filepath: 'test/specs/android/menu/contact-support-inapp.spec.js',
    location: 'test/specs/android/menu/contact-support-inapp.spec.js',
    result: 'pending',
    duration_in_ms: null,
    started_at: '2026-01-01T13:04:35.579Z',
    failure: undefined,
    failure_type: undefined,
    failure_reason: undefined,
    retry_of: null,
    custom_metadata: undefined,
    tags: [],
    customRerunParam: { rerun_name: undefined },
    hooks: [],
    product_map: {
      observability: true,
      accessibility: false,
      percy: false,
      automate: true,
      app_automate: false
    }
  },
  logs: []
} to 22930:0
2026-01-01T13:04:37.122Z CLI info [testhub:request-queue-handler]  [jalalkhan_vhXeGd]  [yszymxobmpz5ckmlwxczogksmwnla7xuibsgpazr]  [c1c6d08d-d881-4576-9596-b0ce23755444]  Processing batch event [
  {
    event_type: 'CBTSessionCreated',
    test_run: {
      uuid: '0070cade-15e7-469a-95bf-36f21b312e9d',
      integrations: [Object]
    }
  },
  {
    event_type: 'TestRunStarted',
    test_run: {
      type: 'test',
      framework: 'WebdriverIO-mocha',
      uuid: '0070cade-15e7-469a-95bf-36f21b312e9d',
      name: 'opens Contact Support and validates the Contact Support screen',
      body: [Object],
      identifier: 'opens Contact Support and validates the Contact Support screen',
      scope: 'Menu – Contact Support (Web) - opens Contact Support and validates the Contact Support screen',
      scopes: [Array],
      file_name: 'test/specs/android/menu/contact-support-inapp.spec.js',
      vc_filepath: 'test/specs/android/menu/contact-support-inapp.spec.js',
      location: 'test/specs/android/menu/contact-support-inapp.spec.js',
      result: 'pending',
      duration_in_ms: null,
      started_at: '2026-01-01T13:04:35.579Z',
      failure: undefined,
      failure_type: undefined,
      failure_reason: undefined,
      retry_of: null,
      custom_metadata: undefined,
      tags: [],
      customRerunParam: [Object],
      hooks: [],
      product_map: [Object]
    },
    logs: []
  }
] to 22930:0
2026-01-01T13:04:37.124Z CLI info  [jalalkhan_vhXeGd]  [yszymxobmpz5ckmlwxczogksmwnla7xuibsgpazr]  [c1c6d08d-d881-4576-9596-b0ce23755444]  [PRODUCTION] Making POST request to https://collector-observability.browserstack.com
2026-01-01T13:04:49.161Z CLI warn [TEST REPORTING AND ANALYTICS:webdriverio:mocha]  [jalalkhan_vhXeGd]  [yszymxobmpz5ckmlwxczogksmwnla7xuibsgpazr]  [c1c6d08d-d881-4576-9596-b0ce23755444]  TestRunFinished: event={"test_framework_name":"WebdriverIO-mocha","test_framework_version":"9.20.1","test_logs":[],"test_hooks_finished":{},"test_hooks_started":{},"test_uuid":"0070cade-15e7-469a-95bf-36f21b312e9d","test_result":"passed","test_hook_last_started":"TestFrameworkState.TEST","test_id":"Menu – Contact Support (Web) - opens Contact Support and validates the Contact Support screen","test_name":"opens Contact Support and validates the Contact Support screen","test_code":"async () => {\n    const APP_PKG = 'com.rolleaseacmeda.automatepulse'\n    const CHROME_PKG = 'com.android.chrome'\n\n    // If Chrome is foreground, bring app back (safe guard)\n    if ((await driver.getCurrentPackage()) === CHROME_PKG) {\n      await driver.activateApp(APP_PKG)\n      await browser.pause(1000)\n    }\n\n    // ---------- WAIT FOR HOME TO SETTLE ----------\n    const homeHeaderMarker = await $(\n      'android=new UiSelector().description(\"sharedHeader.rightButton.button\")',\n    )\n    await homeHeaderMarker.waitForDisplayed({\n      timeout: 20000,\n      timeoutMsg: 'Home header marker not visible after login',\n    })\n\n    await browser.pause(7000)\n\n    // ---------- OPEN DRAWER (ONCE) ----------\n    const hamburgerButton = await $(\n      'android=new UiSelector().description(\"sharedHeader.menuButton.button\")',\n    )\n    await hamburgerButton.waitForDisplayed({\n      timeout: 15000,\n      timeoutMsg: 'Hamburger button not visible on main screen',\n    })\n    await hamburgerButton.click()\n\n    await browser.waitUntil(\n      async () => {\n        const supportCenterExists = await $(\n          'android=new UiSelector().description(\"sidebar.supportCenterCard.button\")',\n        )\n          .isDisplayed()\n          .catch(() => false)\n\n        const knowledgeBaseExists = await $(\n          'android=new UiSelector().description(\"sidebar.knowledgeBaseCard.button\")',\n        )\n          .isDisplayed()\n          .catch(() => false)\n\n        return supportCenterExists || knowledgeBaseExists\n      },\n      {\n        timeout: 15000,\n        interval: 400,\n        timeoutMsg: 'Drawer opened but content not ready',\n      },\n    )\n\n    // ---------- OPEN SUPPORT CENTER ----------\n    const supportCenterBtn = await $(\n      'android=new UiScrollable(new UiSelector().scrollable(true))' +\n        '.scrollIntoView(new UiSelector().description(\"sidebar.supportCenterCard.button\"))',\n    )\n    await supportCenterBtn.waitForDisplayed({\n      timeout: 10000,\n      timeoutMsg: 'Support Center not visible in drawer',\n    })\n    await supportCenterBtn.click()\n\n    // ✅ WAIT FOR SUPPORT CENTER CONTENT TO FINISH RENDERING\n    const supportChatBtn = await $(\n      'android=new UiSelector().description(\"sidebar.supportChatCard.button\")',\n    )\n    await supportChatBtn.waitForDisplayed({\n      timeout: 10000,\n      timeoutMsg: 'Support Center expanded but content not ready',\n    })\n\n    // ---------- NOW SAFE TO ACCESS CONTACT SUPPORT ----------\n    const contactSupportBtn = await $(\n      'android=new UiSelector().description(\"sidebar.contactSupportCard.button\")',\n    )\n    await contactSupportBtn.waitForDisplayed({\n      timeout: 10000,\n      timeoutMsg: 'Contact Support not visible after Support Center expanded',\n    })\n    await contactSupportBtn.click()\n\n    // ---------- ASSERT CONTACT SUPPORT SCREEN (IN-APP) ----------\n    const heading = await $('android=new UiSelector().text(\"How can we help?\")')\n    await heading.waitForDisplayed({\n      timeout: 15000,\n      timeoutMsg: '\"How can we help?\" not visible on Contact Support screen',\n    })\n    await expect(heading).toBeDisplayed()\n\n    const bodyText = await $(\n      'android=new UiSelector().text(\"Whether you have questions about a product, need technical support or anything else, our team is ready to support you.\")',\n    )\n    await bodyText.waitForDisplayed({\n      timeout: 15000,\n      timeoutMsg: 'Expected description text not visible on Contact Support screen',\n    })\n    await expect(bodyText).toBeDisplayed()\n\n    // ---------- GO BACK TO HOME ----------\n    const backBtn = await $(\n      'android=new UiSelector().description(\"sharedHeader.backButton.button\")',\n    )\n    await backBtn.waitForDisplayed({ timeout: 15000 })\n    await backBtn.click()\n\n    // ---------- FINAL SANITY ----------\n    const hamburgerAgain = await $(\n      'android=new UiSelector().description(\"sharedHeader.menuButton.button\")',\n    )\n    await hamburgerAgain.waitForDisplayed({\n      timeout: 15000,\n      timeoutMsg: 'Returned to home but hamburger not visible',\n    })\n    await expect(hamburgerAgain).toBeDisplayed()\n  }","test_file_path":"test/specs/android/menu/contact-support-inapp.spec.js","test_location":"test/specs/android/menu/contact-support-inapp.spec.js","test_scope":"Menu – Contact Support (Web) - opens Contact Support and validates the Contact Support screen","test_scopes":["Menu – Contact Support (Web)"],"test_started_at":"2026-01-01T13:04:35.579Z","automate_session_name":"Menu – Contact Support (Web) - opens Contact Support and validates the Contact Support screen","test_failure":null,"test_failure_reason":null,"test_failure_type":null,"test_ended_at":"2026-01-01T13:04:49.151Z","test_hook_last_finished":"TestFrameworkState.TEST","automate_session_status":"passed","test_deferred":true,"logs":[]}
2026-01-01T13:04:49.164Z CLI info [testhub:request-queue-handler]  [jalalkhan_vhXeGd]  [yszymxobmpz5ckmlwxczogksmwnla7xuibsgpazr]  [c1c6d08d-d881-4576-9596-b0ce23755444]  Added the event {
  event_type: 'TestRunFinished',
  test_run: {
    type: 'test',
    framework: 'WebdriverIO-mocha',
    uuid: '0070cade-15e7-469a-95bf-36f21b312e9d',
    name: 'opens Contact Support and validates the Contact Support screen',
    body: {
      lang: 'ecmascript',
      code: 'async () => {\n' +
        "    const APP_PKG = 'com.rolleaseacmeda.automatepulse'\n" +
        "    const CHROME_PKG = 'com.android.chrome'\n" +
        '\n' +
        '    // If Chrome is foreground, bring app back (safe guard)\n' +
        '    if ((await driver.getCurrentPackage()) === CHROME_PKG) {\n' +
        '      await driver.activateApp(APP_PKG)\n' +
        '      await browser.pause(1000)\n' +
        '    }\n' +
        '\n' +
        '    // ---------- WAIT FOR HOME TO SETTLE ----------\n' +
        '    const homeHeaderMarker = await $(\n' +
        `      'android=new UiSelector().description("sharedHeader.rightButton.button")',\n` +
        '    )\n' +
        '    await homeHeaderMarker.waitForDisplayed({\n' +
        '      timeout: 20000,\n' +
        "      timeoutMsg: 'Home header marker not visible after login',\n" +
        '    })\n' +
        '\n' +
        '    await browser.pause(7000)\n' +
        '\n' +
        '    // ---------- OPEN DRAWER (ONCE) ----------\n' +
        '    const hamburgerButton = await $(\n' +
        `      'android=new UiSelector().description("sharedHeader.menuButton.button")',\n` +
        '    )\n' +
        '    await hamburgerButton.waitForDisplayed({\n' +
        '      timeout: 15000,\n' +
        "      timeoutMsg: 'Hamburger button not visible on main screen',\n" +
        '    })\n' +
        '    await hamburgerButton.click()\n' +
        '\n' +
        '    await browser.waitUntil(\n' +
        '      async () => {\n' +
        '        const supportCenterExists = await $(\n' +
        `          'android=new UiSelector().description("sidebar.supportCenterCard.button")',\n` +
        '        )\n' +
        '          .isDisplayed()\n' +
        '          .catch(() => false)\n' +
        '\n' +
        '        const knowledgeBaseExists = await $(\n' +
        `          'android=new UiSelector().description("sidebar.knowledgeBaseCard.button")',\n` +
        '        )\n' +
        '          .isDisplayed()\n' +
        '          .catch(() => false)\n' +
        '\n' +
        '        return supportCenterExists || knowledgeBaseExists\n' +
        '      },\n' +
        '      {\n' +
        '        timeout: 15000,\n' +
        '        interval: 400,\n' +
        "        timeoutMsg: 'Drawer opened but content not ready',\n" +
        '      },\n' +
        '    )\n' +
        '\n' +
        '    // ---------- OPEN SUPPORT CENTER ----------\n' +
        '    const supportCenterBtn = await $(\n' +
        "      'android=new UiScrollable(new UiSelector().scrollable(true))' +\n" +
        `        '.scrollIntoView(new UiSelector().description("sidebar.supportCenterCard.button"))',\n` +
        '    )\n' +
        '    await supportCenterBtn.waitForDisplayed({\n' +
        '      timeout: 10000,\n' +
        "      timeoutMsg: 'Support Center not visible in drawer',\n" +
        '    })\n' +
        '    await supportCenterBtn.click()\n' +
        '\n' +
        '    // ✅ WAIT FOR SUPPORT CENTER CONTENT TO FINISH RENDERING\n' +
        '    const supportChatBtn = await $(\n' +
        `      'android=new UiSelector().description("sidebar.supportChatCard.button")',\n` +
        '    )\n' +
        '    await supportChatBtn.waitForDisplayed({\n' +
        '      timeout: 10000,\n' +
        "      timeoutMsg: 'Support Center expanded but content not ready',\n" +
        '    })\n' +
        '\n' +
        '    // ---------- NOW SAFE TO ACCESS CONTACT SUPPORT ----------\n' +
        '    const contactSupportBtn = await $(\n' +
        `      'android=new UiSelector().description("sidebar.contactSupportCard.button")',\n` +
        '    )\n' +
        '    await contactSupportBtn.waitForDisplayed({\n' +
        '      timeout: 10000,\n' +
        "      timeoutMsg: 'Contact Support not visible after Support Center expanded',\n" +
        '    })\n' +
        '    await contactSupportBtn.click()\n' +
        '\n' +
        '    // ---------- ASSERT CONTACT SUPPORT SCREEN (IN-APP) ----------\n' +
        `    const heading = await $('android=new UiSelector().text("How can we help?")')\n` +
        '    await heading.waitForDisplayed({\n' +
        '      timeout: 15000,\n' +
        `      timeoutMsg: '"How can we help?" not visible on Contact Support screen',\n` +
        '    })\n' +
        '    await expect(heading).toBeDisplayed()\n' +
        '\n' +
        '    const bodyText = await $(\n' +
        `      'android=new UiSelector().text("Whether you have questions about a product, need technical support or anything else, our team is ready to support you.")',\n` +
        '    )\n' +
        '    await bodyText.waitForDisplayed({\n' +
        '      timeout: 15000,\n' +
        "      timeoutMsg: 'Expected description text not visible on Contact Support screen',\n" +
        '    })\n' +
        '    await expect(bodyText).toBeDisplayed()\n' +
        '\n' +
        '    // ---------- GO BACK TO HOME ----------\n' +
        '    const backBtn = await $(\n' +
        `      'android=new UiSelector().description("sharedHeader.backButton.button")',\n` +
        '    )\n' +
        '    await backBtn.waitForDisplayed({ timeout: 15000 })\n' +
        '    await backBtn.click()\n' +
        '\n' +
        '    // ---------- FINAL SANITY ----------\n' +
        '    const hamburgerAgain = await $(\n' +
        `      'android=new UiSelector().description("sharedHeader.menuButton.button")',\n` +
        '    )\n' +
        '    await hamburgerAgain.waitForDisplayed({\n' +
        '      timeout: 15000,\n' +
        "      timeoutMsg: 'Returned to home but hamburger not visible',\n" +
        '    })\n' +
        '    await expect(hamburgerAgain).toBeDisplayed()\n' +
        '  }'
    },
    identifier: 'opens Contact Support and validates the Contact Support screen',
    scope: 'Menu – Contact Support (Web) - opens Contact Support and validates the Contact Support screen',
    scopes: [ 'Menu – Contact Support (Web)' ],
    file_name: 'test/specs/android/menu/contact-support-inapp.spec.js',
    vc_filepath: 'test/specs/android/menu/contact-support-inapp.spec.js',
    location: 'test/specs/android/menu/contact-support-inapp.spec.js',
    result: 'passed',
    duration_in_ms: 13572,
    started_at: '2026-01-01T13:04:35.579Z',
    finished_at: '2026-01-01T13:04:49.151Z',
    failure: null,
    failure_type: null,
    failure_reason: null,
    retry_of: null,
    custom_metadata: undefined,
    tags: [],
    customRerunParam: { rerun_name: undefined },
    hooks: [],
    product_map: {
      observability: true,
      accessibility: false,
      percy: false,
      automate: true,
      app_automate: false
    }
  },
  logs: []
} to 22930:0
2026-01-01T13:04:51.116Z CLI info [testhub:request-queue-handler]  [jalalkhan_vhXeGd]  [yszymxobmpz5ckmlwxczogksmwnla7xuibsgpazr]  [c1c6d08d-d881-4576-9596-b0ce23755444]  Processing batch event [
  {
    event_type: 'TestRunFinished',
    test_run: {
      type: 'test',
      framework: 'WebdriverIO-mocha',
      uuid: '0070cade-15e7-469a-95bf-36f21b312e9d',
      name: 'opens Contact Support and validates the Contact Support screen',
      body: [Object],
      identifier: 'opens Contact Support and validates the Contact Support screen',
      scope: 'Menu – Contact Support (Web) - opens Contact Support and validates the Contact Support screen',
      scopes: [Array],
      file_name: 'test/specs/android/menu/contact-support-inapp.spec.js',
      vc_filepath: 'test/specs/android/menu/contact-support-inapp.spec.js',
      location: 'test/specs/android/menu/contact-support-inapp.spec.js',
      result: 'passed',
      duration_in_ms: 13572,
      started_at: '2026-01-01T13:04:35.579Z',
      finished_at: '2026-01-01T13:04:49.151Z',
      failure: null,
      failure_type: null,
      failure_reason: null,
      retry_of: null,
      custom_metadata: undefined,
      tags: [],
      customRerunParam: [Object],
      hooks: [],
      product_map: [Object]
    },
    logs: []
  }
] to 22930:0
2026-01-01T13:04:51.118Z CLI info  [jalalkhan_vhXeGd]  [yszymxobmpz5ckmlwxczogksmwnla7xuibsgpazr]  [c1c6d08d-d881-4576-9596-b0ce23755444]  [PRODUCTION] Making POST request to https://collector-observability.browserstack.com
2026-01-01T13:04:53.535Z CLI info  [jalalkhan_vhXeGd]  [yszymxobmpz5ckmlwxczogksmwnla7xuibsgpazr]  [c1c6d08d-d881-4576-9596-b0ce23755444]  [PRODUCTION] Making PUT request to https://collector-observability.browserstack.com
2026-01-01T13:04:54.253Z CLI info [testhub:module]  [jalalkhan_vhXeGd]  [yszymxobmpz5ckmlwxczogksmwnla7xuibsgpazr]  [c1c6d08d-d881-4576-9596-b0ce23755444]  stopBuild: yszymxobmpz5ckmlwxczogksmwnla7xuibsgpazr request={"finished_at":"2026-01-01T13:04:53.533Z","finished_metadata":[],"custom_metadata":null} response={"data":""}
2026-01-01T13:04:54.255Z CLI info  [jalalkhan_vhXeGd]  [yszymxobmpz5ckmlwxczogksmwnla7xuibsgpazr]  [c1c6d08d-d881-4576-9596-b0ce23755444]  [PRODUCTION] Making POST request to https://api.browserstack.com
2026-01-01T13:04:54.258Z CLI info [TEST REPORTING AND ANALYTICS:module]  [jalalkhan_vhXeGd]  [yszymxobmpz5ckmlwxczogksmwnla7xuibsgpazr]  [c1c6d08d-d881-4576-9596-b0ce23755444]  Visit https://automation.browserstack.com/builds/yszymxobmpz5ckmlwxczogksmwnla7xuibsgpazr to view build report, insights, and many more debugging information all at one place!
2026-01-01T13:04:55.239Z CLI info  [jalalkhan_vhXeGd]  [yszymxobmpz5ckmlwxczogksmwnla7xuibsgpazr]  [c1c6d08d-d881-4576-9596-b0ce23755444]  [PRODUCTION] Making GET request to https://api.browserstack.com
2026-01-01T13:04:55.559Z CLI info  [jalalkhan_vhXeGd]  [yszymxobmpz5ckmlwxczogksmwnla7xuibsgpazr]  [c1c6d08d-d881-4576-9596-b0ce23755444]  [PRODUCTION] Making POST request to https://eds.browserstack.com
2026-01-01T13:04:56.617Z CLI info [main]  [jalalkhan_vhXeGd]  [yszymxobmpz5ckmlwxczogksmwnla7xuibsgpazr]  [c1c6d08d-d881-4576-9596-b0ce23755444]  Received graceful signal termination, performing cleanup
2026-01-01T13:09:27.044Z CLI info     Config : {"userName":"[REDACTED]","accessKey":"[REDACTED]","platforms":[{"platformName":"Android","appium:platformVersion":"13.0","appium:deviceName":"Google Pixel 7","appium:automationName":"UIAutomator2","appium:autoGrantPermissions":true,"appium:app":"bs://e03ecaf012f9c7233c2ed179e02da4a74f1d3c01","wdioService":"9.20.1"}],"isNonBstackA11yWDIO":false,"accessibility":null,"testObservability":true,"testContextOptions":{"skipSessionName":false,"skipSessionStatus":false,"sessionNameOmitTestTitle":false,"sessionNamePrependTopLevelSuiteTitle":false,"sessionNameFormat":""},"buildTag":[]}
2026-01-01T13:09:27.055Z CLI info     Should start debug utility: undefined
2026-01-01T13:09:27.060Z CLI info [testhub:module]  [jalalkhan_vhXeGd]   [9526e169-cfdf-41ce-9b20-1d6d646fbdb0]  Starting testhub from 24071:0
2026-01-01T13:09:27.061Z CLI info  [jalalkhan_vhXeGd]   [9526e169-cfdf-41ce-9b20-1d6d646fbdb0]  [PRODUCTION] Making POST request to https://sdk.browserstack.com
2026-01-01T13:09:28.069Z CLI info [testhub:module]  [jalalkhan_vhXeGd]   [9526e169-cfdf-41ce-9b20-1d6d646fbdb0]  startBuild: response=8f5dnofalcddtd78ewgu0ykwfsaq1d8tmraixbfk
2026-01-01T13:09:28.072Z CLI info  [jalalkhan_vhXeGd]  [8f5dnofalcddtd78ewgu0ykwfsaq1d8tmraixbfk]  [9526e169-cfdf-41ce-9b20-1d6d646fbdb0]  [PRODUCTION] Making POST request to https://api.browserstack.com
2026-01-01T13:09:29.854Z CLI info  [jalalkhan_vhXeGd]  [8f5dnofalcddtd78ewgu0ykwfsaq1d8tmraixbfk]  [9526e169-cfdf-41ce-9b20-1d6d646fbdb0]  [PRODUCTION] Making GET request to https://hub.browserstack.com
2026-01-01T13:09:29.988Z CLI info  [jalalkhan_vhXeGd]  [8f5dnofalcddtd78ewgu0ykwfsaq1d8tmraixbfk]  [9526e169-cfdf-41ce-9b20-1d6d646fbdb0]  [PRODUCTION] Making GET request to https://hub-apse.browserstack.com
2026-01-01T13:09:30.100Z CLI info  [jalalkhan_vhXeGd]  [8f5dnofalcddtd78ewgu0ykwfsaq1d8tmraixbfk]  [9526e169-cfdf-41ce-9b20-1d6d646fbdb0]  [PRODUCTION] Making GET request to https://hub-aps.browserstack.com
2026-01-01T13:09:30.129Z CLI info [sdk:service]  [jalalkhan_vhXeGd]  [8f5dnofalcddtd78ewgu0ykwfsaq1d8tmraixbfk]  [9526e169-cfdf-41ce-9b20-1d6d646fbdb0]  Driver initialized as primary driver: platformIndex=0
2026-01-01T13:09:31.099Z CLI info  [jalalkhan_vhXeGd]  [8f5dnofalcddtd78ewgu0ykwfsaq1d8tmraixbfk]  [9526e169-cfdf-41ce-9b20-1d6d646fbdb0]  [PRODUCTION] Making GET request to https://hub-usw.browserstack.com
2026-01-01T13:10:02.850Z CLI info [testhub:request-queue-handler]  [jalalkhan_vhXeGd]  [8f5dnofalcddtd78ewgu0ykwfsaq1d8tmraixbfk]  [9526e169-cfdf-41ce-9b20-1d6d646fbdb0]  Added the event {
  event_type: 'CBTSessionCreated',
  test_run: {
    uuid: '20da7ffc-357b-4d4d-b7b9-aa2293514403',
    integrations: { browserstack: [Object] }
  }
} to 24071:0
2026-01-01T13:10:02.854Z CLI info [testhub:request-queue-handler]  [jalalkhan_vhXeGd]  [8f5dnofalcddtd78ewgu0ykwfsaq1d8tmraixbfk]  [9526e169-cfdf-41ce-9b20-1d6d646fbdb0]  Added the event {
  event_type: 'TestRunStarted',
  test_run: {
    type: 'test',
    framework: 'WebdriverIO-mocha',
    uuid: '20da7ffc-357b-4d4d-b7b9-aa2293514403',
    name: 'opens Contact Support and validates the Contact Support screen',
    body: {
      lang: 'ecmascript',
      code: 'async () => {\n' +
        "    const APP_PKG = 'com.rolleaseacmeda.automatepulse'\n" +
        "    const CHROME_PKG = 'com.android.chrome'\n" +
        '\n' +
        '    // If Chrome is foreground, bring app back (safe guard)\n' +
        '    if ((await driver.getCurrentPackage()) === CHROME_PKG) {\n' +
        '      await driver.activateApp(APP_PKG)\n' +
        '      await browser.pause(1000)\n' +
        '    }\n' +
        '\n' +
        '    // ---------- WAIT FOR HOME TO SETTLE ----------\n' +
        '    const homeHeaderMarker = await $(\n' +
        `      'android=new UiSelector().description("sharedHeader.rightButton.button")',\n` +
        '    )\n' +
        '    await homeHeaderMarker.waitForDisplayed({\n' +
        '      timeout: 20000,\n' +
        "      timeoutMsg: 'Home header marker not visible after login',\n" +
        '    })\n' +
        '\n' +
        '    await browser.pause(7000)\n' +
        '\n' +
        '    // ---------- OPEN DRAWER (ONCE) ----------\n' +
        '    const hamburgerButton = await $(\n' +
        `      'android=new UiSelector().description("sharedHeader.menuButton.button")',\n` +
        '    )\n' +
        '    await hamburgerButton.waitForDisplayed({\n' +
        '      timeout: 15000,\n' +
        "      timeoutMsg: 'Hamburger button not visible on main screen',\n" +
        '    })\n' +
        '    await hamburgerButton.click()\n' +
        '\n' +
        '    await browser.waitUntil(\n' +
        '      async () => {\n' +
        '        const supportCenterExists = await $(\n' +
        `          'android=new UiSelector().description("sidebar.supportCenterCard.button")',\n` +
        '        )\n' +
        '          .isDisplayed()\n' +
        '          .catch(() => false)\n' +
        '\n' +
        '        const knowledgeBaseExists = await $(\n' +
        `          'android=new UiSelector().description("sidebar.knowledgeBaseCard.button")',\n` +
        '        )\n' +
        '          .isDisplayed()\n' +
        '          .catch(() => false)\n' +
        '\n' +
        '        return supportCenterExists || knowledgeBaseExists\n' +
        '      },\n' +
        '      {\n' +
        '        timeout: 15000,\n' +
        '        interval: 400,\n' +
        "        timeoutMsg: 'Drawer opened but content not ready',\n" +
        '      },\n' +
        '    )\n' +
        '\n' +
        '    // ---------- OPEN SUPPORT CENTER ----------\n' +
        '    const supportCenterBtn = await $(\n' +
        "      'android=new UiScrollable(new UiSelector().scrollable(true))' +\n" +
        `        '.scrollIntoView(new UiSelector().description("sidebar.supportCenterCard.button"))',\n` +
        '    )\n' +
        '    await supportCenterBtn.waitForDisplayed({\n' +
        '      timeout: 10000,\n' +
        "      timeoutMsg: 'Support Center not visible in drawer',\n" +
        '    })\n' +
        '    await supportCenterBtn.click()\n' +
        '\n' +
        '    // ✅ WAIT FOR SUPPORT CENTER CONTENT TO FINISH RENDERING\n' +
        '    const supportChatBtn = await $(\n' +
        `      'android=new UiSelector().description("sidebar.supportChatCard.button")',\n` +
        '    )\n' +
        '    await supportChatBtn.waitForDisplayed({\n' +
        '      timeout: 10000,\n' +
        "      timeoutMsg: 'Support Center expanded but content not ready',\n" +
        '    })\n' +
        '\n' +
        '    // ---------- NOW SAFE TO ACCESS CONTACT SUPPORT ----------\n' +
        '    const contactSupportBtn = await $(\n' +
        `      'android=new UiSelector().description("sidebar.contactSupportCard.button")',\n` +
        '    )\n' +
        '    await contactSupportBtn.waitForDisplayed({\n' +
        '      timeout: 10000,\n' +
        "      timeoutMsg: 'Contact Support not visible after Support Center expanded',\n" +
        '    })\n' +
        '    await contactSupportBtn.click()\n' +
        '\n' +
        '    // ---------- ASSERT CONTACT SUPPORT SCREEN (IN-APP) ----------\n' +
        `    const heading = await $('android=new UiSelector().text("How can we help?")')\n` +
        '    await heading.waitForDisplayed({\n' +
        '      timeout: 15000,\n' +
        `      timeoutMsg: '"How can we help?" not visible on Contact Support screen',\n` +
        '    })\n' +
        '    await expect(heading).toBeDisplayed()\n' +
        '\n' +
        '    const bodyText = await $(\n' +
        `      'android=new UiSelector().text("Whether you have questions about a product, need technical support or anything else, our team is ready to support you.")',\n` +
        '    )\n' +
        '    await bodyText.waitForDisplayed({\n' +
        '      timeout: 15000,\n' +
        "      timeoutMsg: 'Expected description text not visible on Contact Support screen',\n" +
        '    })\n' +
        '    await expect(bodyText).toBeDisplayed()\n' +
        '\n' +
        '    // ---------- GO BACK TO HOME ----------\n' +
        '    const backBtn = await $(\n' +
        `      'android=new UiSelector().description("sharedHeader.backButton.button")',\n` +
        '    )\n' +
        '    await backBtn.waitForDisplayed({ timeout: 15000 })\n' +
        '    await backBtn.click()\n' +
        '\n' +
        '    // ---------- FINAL SANITY ----------\n' +
        '    const hamburgerAgain = await $(\n' +
        `      'android=new UiSelector().description("sharedHeader.menuButton.button")',\n` +
        '    )\n' +
        '    await hamburgerAgain.waitForDisplayed({\n' +
        '      timeout: 15000,\n' +
        "      timeoutMsg: 'Returned to home but hamburger not visible',\n" +
        '    })\n' +
        '    await expect(hamburgerAgain).toBeDisplayed()\n' +
        '  }'
    },
    identifier: 'opens Contact Support and validates the Contact Support screen',
    scope: 'Menu – Contact Support (Web) - opens Contact Support and validates the Contact Support screen',
    scopes: [ 'Menu – Contact Support (Web)' ],
    file_name: 'test/specs/android/menu/contact-support-inapp.spec.js',
    vc_filepath: 'test/specs/android/menu/contact-support-inapp.spec.js',
    location: 'test/specs/android/menu/contact-support-inapp.spec.js',
    result: 'pending',
    duration_in_ms: null,
    started_at: '2026-01-01T13:10:02.831Z',
    failure: undefined,
    failure_type: undefined,
    failure_reason: undefined,
    retry_of: null,
    custom_metadata: undefined,
    tags: [],
    customRerunParam: { rerun_name: undefined },
    hooks: [],
    product_map: {
      observability: true,
      accessibility: false,
      percy: false,
      automate: true,
      app_automate: false
    }
  },
  logs: []
} to 24071:0
2026-01-01T13:10:04.089Z CLI info [testhub:request-queue-handler]  [jalalkhan_vhXeGd]  [8f5dnofalcddtd78ewgu0ykwfsaq1d8tmraixbfk]  [9526e169-cfdf-41ce-9b20-1d6d646fbdb0]  Processing batch event [
  {
    event_type: 'CBTSessionCreated',
    test_run: {
      uuid: '20da7ffc-357b-4d4d-b7b9-aa2293514403',
      integrations: [Object]
    }
  },
  {
    event_type: 'TestRunStarted',
    test_run: {
      type: 'test',
      framework: 'WebdriverIO-mocha',
      uuid: '20da7ffc-357b-4d4d-b7b9-aa2293514403',
      name: 'opens Contact Support and validates the Contact Support screen',
      body: [Object],
      identifier: 'opens Contact Support and validates the Contact Support screen',
      scope: 'Menu – Contact Support (Web) - opens Contact Support and validates the Contact Support screen',
      scopes: [Array],
      file_name: 'test/specs/android/menu/contact-support-inapp.spec.js',
      vc_filepath: 'test/specs/android/menu/contact-support-inapp.spec.js',
      location: 'test/specs/android/menu/contact-support-inapp.spec.js',
      result: 'pending',
      duration_in_ms: null,
      started_at: '2026-01-01T13:10:02.831Z',
      failure: undefined,
      failure_type: undefined,
      failure_reason: undefined,
      retry_of: null,
      custom_metadata: undefined,
      tags: [],
      customRerunParam: [Object],
      hooks: [],
      product_map: [Object]
    },
    logs: []
  }
] to 24071:0
2026-01-01T13:10:04.092Z CLI info  [jalalkhan_vhXeGd]  [8f5dnofalcddtd78ewgu0ykwfsaq1d8tmraixbfk]  [9526e169-cfdf-41ce-9b20-1d6d646fbdb0]  [PRODUCTION] Making POST request to https://collector-observability.browserstack.com
2026-01-01T13:10:15.666Z CLI warn [TEST REPORTING AND ANALYTICS:webdriverio:mocha]  [jalalkhan_vhXeGd]  [8f5dnofalcddtd78ewgu0ykwfsaq1d8tmraixbfk]  [9526e169-cfdf-41ce-9b20-1d6d646fbdb0]  TestRunFinished: event={"test_framework_name":"WebdriverIO-mocha","test_framework_version":"9.20.1","test_logs":[],"test_hooks_finished":{},"test_hooks_started":{},"test_uuid":"20da7ffc-357b-4d4d-b7b9-aa2293514403","test_result":"passed","test_hook_last_started":"TestFrameworkState.TEST","test_id":"Menu – Contact Support (Web) - opens Contact Support and validates the Contact Support screen","test_name":"opens Contact Support and validates the Contact Support screen","test_code":"async () => {\n    const APP_PKG = 'com.rolleaseacmeda.automatepulse'\n    const CHROME_PKG = 'com.android.chrome'\n\n    // If Chrome is foreground, bring app back (safe guard)\n    if ((await driver.getCurrentPackage()) === CHROME_PKG) {\n      await driver.activateApp(APP_PKG)\n      await browser.pause(1000)\n    }\n\n    // ---------- WAIT FOR HOME TO SETTLE ----------\n    const homeHeaderMarker = await $(\n      'android=new UiSelector().description(\"sharedHeader.rightButton.button\")',\n    )\n    await homeHeaderMarker.waitForDisplayed({\n      timeout: 20000,\n      timeoutMsg: 'Home header marker not visible after login',\n    })\n\n    await browser.pause(7000)\n\n    // ---------- OPEN DRAWER (ONCE) ----------\n    const hamburgerButton = await $(\n      'android=new UiSelector().description(\"sharedHeader.menuButton.button\")',\n    )\n    await hamburgerButton.waitForDisplayed({\n      timeout: 15000,\n      timeoutMsg: 'Hamburger button not visible on main screen',\n    })\n    await hamburgerButton.click()\n\n    await browser.waitUntil(\n      async () => {\n        const supportCenterExists = await $(\n          'android=new UiSelector().description(\"sidebar.supportCenterCard.button\")',\n        )\n          .isDisplayed()\n          .catch(() => false)\n\n        const knowledgeBaseExists = await $(\n          'android=new UiSelector().description(\"sidebar.knowledgeBaseCard.button\")',\n        )\n          .isDisplayed()\n          .catch(() => false)\n\n        return supportCenterExists || knowledgeBaseExists\n      },\n      {\n        timeout: 15000,\n        interval: 400,\n        timeoutMsg: 'Drawer opened but content not ready',\n      },\n    )\n\n    // ---------- OPEN SUPPORT CENTER ----------\n    const supportCenterBtn = await $(\n      'android=new UiScrollable(new UiSelector().scrollable(true))' +\n        '.scrollIntoView(new UiSelector().description(\"sidebar.supportCenterCard.button\"))',\n    )\n    await supportCenterBtn.waitForDisplayed({\n      timeout: 10000,\n      timeoutMsg: 'Support Center not visible in drawer',\n    })\n    await supportCenterBtn.click()\n\n    // ✅ WAIT FOR SUPPORT CENTER CONTENT TO FINISH RENDERING\n    const supportChatBtn = await $(\n      'android=new UiSelector().description(\"sidebar.supportChatCard.button\")',\n    )\n    await supportChatBtn.waitForDisplayed({\n      timeout: 10000,\n      timeoutMsg: 'Support Center expanded but content not ready',\n    })\n\n    // ---------- NOW SAFE TO ACCESS CONTACT SUPPORT ----------\n    const contactSupportBtn = await $(\n      'android=new UiSelector().description(\"sidebar.contactSupportCard.button\")',\n    )\n    await contactSupportBtn.waitForDisplayed({\n      timeout: 10000,\n      timeoutMsg: 'Contact Support not visible after Support Center expanded',\n    })\n    await contactSupportBtn.click()\n\n    // ---------- ASSERT CONTACT SUPPORT SCREEN (IN-APP) ----------\n    const heading = await $('android=new UiSelector().text(\"How can we help?\")')\n    await heading.waitForDisplayed({\n      timeout: 15000,\n      timeoutMsg: '\"How can we help?\" not visible on Contact Support screen',\n    })\n    await expect(heading).toBeDisplayed()\n\n    const bodyText = await $(\n      'android=new UiSelector().text(\"Whether you have questions about a product, need technical support or anything else, our team is ready to support you.\")',\n    )\n    await bodyText.waitForDisplayed({\n      timeout: 15000,\n      timeoutMsg: 'Expected description text not visible on Contact Support screen',\n    })\n    await expect(bodyText).toBeDisplayed()\n\n    // ---------- GO BACK TO HOME ----------\n    const backBtn = await $(\n      'android=new UiSelector().description(\"sharedHeader.backButton.button\")',\n    )\n    await backBtn.waitForDisplayed({ timeout: 15000 })\n    await backBtn.click()\n\n    // ---------- FINAL SANITY ----------\n    const hamburgerAgain = await $(\n      'android=new UiSelector().description(\"sharedHeader.menuButton.button\")',\n    )\n    await hamburgerAgain.waitForDisplayed({\n      timeout: 15000,\n      timeoutMsg: 'Returned to home but hamburger not visible',\n    })\n    await expect(hamburgerAgain).toBeDisplayed()\n  }","test_file_path":"test/specs/android/menu/contact-support-inapp.spec.js","test_location":"test/specs/android/menu/contact-support-inapp.spec.js","test_scope":"Menu – Contact Support (Web) - opens Contact Support and validates the Contact Support screen","test_scopes":["Menu – Contact Support (Web)"],"test_started_at":"2026-01-01T13:10:02.831Z","automate_session_name":"Menu – Contact Support (Web) - opens Contact Support and validates the Contact Support screen","test_failure":null,"test_failure_reason":null,"test_failure_type":null,"test_ended_at":"2026-01-01T13:10:15.654Z","test_hook_last_finished":"TestFrameworkState.TEST","automate_session_status":"passed","test_deferred":true,"logs":[]}
2026-01-01T13:10:15.669Z CLI info [testhub:request-queue-handler]  [jalalkhan_vhXeGd]  [8f5dnofalcddtd78ewgu0ykwfsaq1d8tmraixbfk]  [9526e169-cfdf-41ce-9b20-1d6d646fbdb0]  Added the event {
  event_type: 'TestRunFinished',
  test_run: {
    type: 'test',
    framework: 'WebdriverIO-mocha',
    uuid: '20da7ffc-357b-4d4d-b7b9-aa2293514403',
    name: 'opens Contact Support and validates the Contact Support screen',
    body: {
      lang: 'ecmascript',
      code: 'async () => {\n' +
        "    const APP_PKG = 'com.rolleaseacmeda.automatepulse'\n" +
        "    const CHROME_PKG = 'com.android.chrome'\n" +
        '\n' +
        '    // If Chrome is foreground, bring app back (safe guard)\n' +
        '    if ((await driver.getCurrentPackage()) === CHROME_PKG) {\n' +
        '      await driver.activateApp(APP_PKG)\n' +
        '      await browser.pause(1000)\n' +
        '    }\n' +
        '\n' +
        '    // ---------- WAIT FOR HOME TO SETTLE ----------\n' +
        '    const homeHeaderMarker = await $(\n' +
        `      'android=new UiSelector().description("sharedHeader.rightButton.button")',\n` +
        '    )\n' +
        '    await homeHeaderMarker.waitForDisplayed({\n' +
        '      timeout: 20000,\n' +
        "      timeoutMsg: 'Home header marker not visible after login',\n" +
        '    })\n' +
        '\n' +
        '    await browser.pause(7000)\n' +
        '\n' +
        '    // ---------- OPEN DRAWER (ONCE) ----------\n' +
        '    const hamburgerButton = await $(\n' +
        `      'android=new UiSelector().description("sharedHeader.menuButton.button")',\n` +
        '    )\n' +
        '    await hamburgerButton.waitForDisplayed({\n' +
        '      timeout: 15000,\n' +
        "      timeoutMsg: 'Hamburger button not visible on main screen',\n" +
        '    })\n' +
        '    await hamburgerButton.click()\n' +
        '\n' +
        '    await browser.waitUntil(\n' +
        '      async () => {\n' +
        '        const supportCenterExists = await $(\n' +
        `          'android=new UiSelector().description("sidebar.supportCenterCard.button")',\n` +
        '        )\n' +
        '          .isDisplayed()\n' +
        '          .catch(() => false)\n' +
        '\n' +
        '        const knowledgeBaseExists = await $(\n' +
        `          'android=new UiSelector().description("sidebar.knowledgeBaseCard.button")',\n` +
        '        )\n' +
        '          .isDisplayed()\n' +
        '          .catch(() => false)\n' +
        '\n' +
        '        return supportCenterExists || knowledgeBaseExists\n' +
        '      },\n' +
        '      {\n' +
        '        timeout: 15000,\n' +
        '        interval: 400,\n' +
        "        timeoutMsg: 'Drawer opened but content not ready',\n" +
        '      },\n' +
        '    )\n' +
        '\n' +
        '    // ---------- OPEN SUPPORT CENTER ----------\n' +
        '    const supportCenterBtn = await $(\n' +
        "      'android=new UiScrollable(new UiSelector().scrollable(true))' +\n" +
        `        '.scrollIntoView(new UiSelector().description("sidebar.supportCenterCard.button"))',\n` +
        '    )\n' +
        '    await supportCenterBtn.waitForDisplayed({\n' +
        '      timeout: 10000,\n' +
        "      timeoutMsg: 'Support Center not visible in drawer',\n" +
        '    })\n' +
        '    await supportCenterBtn.click()\n' +
        '\n' +
        '    // ✅ WAIT FOR SUPPORT CENTER CONTENT TO FINISH RENDERING\n' +
        '    const supportChatBtn = await $(\n' +
        `      'android=new UiSelector().description("sidebar.supportChatCard.button")',\n` +
        '    )\n' +
        '    await supportChatBtn.waitForDisplayed({\n' +
        '      timeout: 10000,\n' +
        "      timeoutMsg: 'Support Center expanded but content not ready',\n" +
        '    })\n' +
        '\n' +
        '    // ---------- NOW SAFE TO ACCESS CONTACT SUPPORT ----------\n' +
        '    const contactSupportBtn = await $(\n' +
        `      'android=new UiSelector().description("sidebar.contactSupportCard.button")',\n` +
        '    )\n' +
        '    await contactSupportBtn.waitForDisplayed({\n' +
        '      timeout: 10000,\n' +
        "      timeoutMsg: 'Contact Support not visible after Support Center expanded',\n" +
        '    })\n' +
        '    await contactSupportBtn.click()\n' +
        '\n' +
        '    // ---------- ASSERT CONTACT SUPPORT SCREEN (IN-APP) ----------\n' +
        `    const heading = await $('android=new UiSelector().text("How can we help?")')\n` +
        '    await heading.waitForDisplayed({\n' +
        '      timeout: 15000,\n' +
        `      timeoutMsg: '"How can we help?" not visible on Contact Support screen',\n` +
        '    })\n' +
        '    await expect(heading).toBeDisplayed()\n' +
        '\n' +
        '    const bodyText = await $(\n' +
        `      'android=new UiSelector().text("Whether you have questions about a product, need technical support or anything else, our team is ready to support you.")',\n` +
        '    )\n' +
        '    await bodyText.waitForDisplayed({\n' +
        '      timeout: 15000,\n' +
        "      timeoutMsg: 'Expected description text not visible on Contact Support screen',\n" +
        '    })\n' +
        '    await expect(bodyText).toBeDisplayed()\n' +
        '\n' +
        '    // ---------- GO BACK TO HOME ----------\n' +
        '    const backBtn = await $(\n' +
        `      'android=new UiSelector().description("sharedHeader.backButton.button")',\n` +
        '    )\n' +
        '    await backBtn.waitForDisplayed({ timeout: 15000 })\n' +
        '    await backBtn.click()\n' +
        '\n' +
        '    // ---------- FINAL SANITY ----------\n' +
        '    const hamburgerAgain = await $(\n' +
        `      'android=new UiSelector().description("sharedHeader.menuButton.button")',\n` +
        '    )\n' +
        '    await hamburgerAgain.waitForDisplayed({\n' +
        '      timeout: 15000,\n' +
        "      timeoutMsg: 'Returned to home but hamburger not visible',\n" +
        '    })\n' +
        '    await expect(hamburgerAgain).toBeDisplayed()\n' +
        '  }'
    },
    identifier: 'opens Contact Support and validates the Contact Support screen',
    scope: 'Menu – Contact Support (Web) - opens Contact Support and validates the Contact Support screen',
    scopes: [ 'Menu – Contact Support (Web)' ],
    file_name: 'test/specs/android/menu/contact-support-inapp.spec.js',
    vc_filepath: 'test/specs/android/menu/contact-support-inapp.spec.js',
    location: 'test/specs/android/menu/contact-support-inapp.spec.js',
    result: 'passed',
    duration_in_ms: 12823,
    started_at: '2026-01-01T13:10:02.831Z',
    finished_at: '2026-01-01T13:10:15.654Z',
    failure: null,
    failure_type: null,
    failure_reason: null,
    retry_of: null,
    custom_metadata: undefined,
    tags: [],
    customRerunParam: { rerun_name: undefined },
    hooks: [],
    product_map: {
      observability: true,
      accessibility: false,
      percy: false,
      automate: true,
      app_automate: false
    }
  },
  logs: []
} to 24071:0
2026-01-01T13:10:16.092Z CLI info [testhub:request-queue-handler]  [jalalkhan_vhXeGd]  [8f5dnofalcddtd78ewgu0ykwfsaq1d8tmraixbfk]  [9526e169-cfdf-41ce-9b20-1d6d646fbdb0]  Processing batch event [
  {
    event_type: 'TestRunFinished',
    test_run: {
      type: 'test',
      framework: 'WebdriverIO-mocha',
      uuid: '20da7ffc-357b-4d4d-b7b9-aa2293514403',
      name: 'opens Contact Support and validates the Contact Support screen',
      body: [Object],
      identifier: 'opens Contact Support and validates the Contact Support screen',
      scope: 'Menu – Contact Support (Web) - opens Contact Support and validates the Contact Support screen',
      scopes: [Array],
      file_name: 'test/specs/android/menu/contact-support-inapp.spec.js',
      vc_filepath: 'test/specs/android/menu/contact-support-inapp.spec.js',
      location: 'test/specs/android/menu/contact-support-inapp.spec.js',
      result: 'passed',
      duration_in_ms: 12823,
      started_at: '2026-01-01T13:10:02.831Z',
      finished_at: '2026-01-01T13:10:15.654Z',
      failure: null,
      failure_type: null,
      failure_reason: null,
      retry_of: null,
      custom_metadata: undefined,
      tags: [],
      customRerunParam: [Object],
      hooks: [],
      product_map: [Object]
    },
    logs: []
  }
] to 24071:0
2026-01-01T13:10:16.093Z CLI info  [jalalkhan_vhXeGd]  [8f5dnofalcddtd78ewgu0ykwfsaq1d8tmraixbfk]  [9526e169-cfdf-41ce-9b20-1d6d646fbdb0]  [PRODUCTION] Making POST request to https://collector-observability.browserstack.com
2026-01-01T13:10:20.139Z CLI info  [jalalkhan_vhXeGd]  [8f5dnofalcddtd78ewgu0ykwfsaq1d8tmraixbfk]  [9526e169-cfdf-41ce-9b20-1d6d646fbdb0]  [PRODUCTION] Making PUT request to https://collector-observability.browserstack.com
2026-01-01T13:10:20.833Z CLI info [testhub:module]  [jalalkhan_vhXeGd]  [8f5dnofalcddtd78ewgu0ykwfsaq1d8tmraixbfk]  [9526e169-cfdf-41ce-9b20-1d6d646fbdb0]  stopBuild: 8f5dnofalcddtd78ewgu0ykwfsaq1d8tmraixbfk request={"finished_at":"2026-01-01T13:10:20.138Z","finished_metadata":[],"custom_metadata":null} response={"data":""}
2026-01-01T13:10:20.834Z CLI info  [jalalkhan_vhXeGd]  [8f5dnofalcddtd78ewgu0ykwfsaq1d8tmraixbfk]  [9526e169-cfdf-41ce-9b20-1d6d646fbdb0]  [PRODUCTION] Making POST request to https://api.browserstack.com
2026-01-01T13:10:20.836Z CLI info [TEST REPORTING AND ANALYTICS:module]  [jalalkhan_vhXeGd]  [8f5dnofalcddtd78ewgu0ykwfsaq1d8tmraixbfk]  [9526e169-cfdf-41ce-9b20-1d6d646fbdb0]  Visit https://automation.browserstack.com/builds/8f5dnofalcddtd78ewgu0ykwfsaq1d8tmraixbfk to view build report, insights, and many more debugging information all at one place!
2026-01-01T13:10:21.332Z CLI info  [jalalkhan_vhXeGd]  [8f5dnofalcddtd78ewgu0ykwfsaq1d8tmraixbfk]  [9526e169-cfdf-41ce-9b20-1d6d646fbdb0]  [PRODUCTION] Making GET request to https://api.browserstack.com
2026-01-01T13:10:22.343Z CLI info  [jalalkhan_vhXeGd]  [8f5dnofalcddtd78ewgu0ykwfsaq1d8tmraixbfk]  [9526e169-cfdf-41ce-9b20-1d6d646fbdb0]  [PRODUCTION] Making POST request to https://eds.browserstack.com
2026-01-01T13:10:23.267Z CLI info [main]  [jalalkhan_vhXeGd]  [8f5dnofalcddtd78ewgu0ykwfsaq1d8tmraixbfk]  [9526e169-cfdf-41ce-9b20-1d6d646fbdb0]  Received graceful signal termination, performing cleanup
