[90m2026-01-01T13:09:25.091Z[39m [96mINFO[39m [97m@wdio/browserstack-service[39m BrowserStack service started with id: e90f8df7-7a1a-4a78-889e-44531c47e20b
[90m2026-01-01T13:09:25.092Z[39m [32mDEBUG[39m [97m@wdio/browserstack-service[39m _options data: {}
[90m2026-01-01T13:09:25.092Z[39m [32mDEBUG[39m [97m@wdio/browserstack-service[39m webdriver capabilities data: [{"platformName":"Android","appium:platformVersion":"13.0","appium:deviceName":"Google Pixel 7","appium:automationName":"UIAutomator2","appium:autoGrantPermissions":true,"appium:app":"bs://e03ecaf012f9c7233c2ed179e02da4a74f1d3c01"}]
[90m2026-01-01T13:09:25.092Z[39m [32mDEBUG[39m [97m@wdio/browserstack-service[39m _config data: {"rootDir":"/Users/jalalkhan/wdio-appium/config","specs":["../test/specs/android/menu/contact-support-inapp.spec.js"],"suites":{},"exclude":[],"capabilities":[],"logLevel":"info","logLevels":{},"groupLogsByTestSpec":false,"excludeDriverLogs":[],"bail":0,"waitforInterval":100,"waitforTimeout":10000,"framework":"mocha","reporters":["spec"],"services":["browserstack"],"maxInstances":10,"maxInstancesPerCapability":100,"injectGlobals":true,"filesToWatch":[],"connectionRetryTimeout":120000,"connectionRetryCount":3,"execArgv":[],"runnerEnv":{"FORCE_COLOR":"1"},"runner":"local","shard":{"current":1,"total":1},"specFileRetries":0,"specFileRetriesDelay":0,"specFileRetriesDeferred":false,"autoAssertOnTestEnd":true,"reporterSyncInterval":100,"reporterSyncTimeout":5000,"cucumberFeaturesWithLineNumbers":[],"mochaOpts":{"timeout":60000,"ui":"bdd"},"jasmineOpts":{"defaultTimeoutInterval":10000},"cucumberOpts":{"timeout":10000},"onPrepare":[],"onWorkerStart":[],"onWorkerEnd":[],"before":[],"beforeSession":[],"beforeSuite":[],"beforeHook":[],"beforeTest":[],"beforeCommand":[],"afterCommand":[],"afterTest":[],"afterHook":[],"afterSuite":[],"afterSession":[],"after":[],"onComplete":[],"onReload":[],"beforeAssertion":[],"afterAssertion":[],"beforeFeature":[],"beforeScenario":[],"beforeStep":[],"afterStep":[],"afterScenario":[],"afterFeature":[],"_":["config/wdio.android.bs.conf.js","config/wdio.android.bs.conf.js"],"$0":"/Users/jalalkhan/wdio-appium/node_modules/.bin/wdio","user":"jalalkhan_vhXeGd","key":"J17nbQ8YYwmyV7x5GABt"}
[90m2026-01-01T13:09:25.097Z[39m [32mDEBUG[39m [97m@wdio/browserstack-service[39m Sending SDK event with data {
  userName: '[REDACTED]',
  accessKey: '[REDACTED]',
  event_type: 'SDKTestAttempted',
  detectedFramework: 'WebdriverIO-mocha',
  event_properties: {
    sdkRunId: 'e90f8df7-7a1a-4a78-889e-44531c47e20b',
    testhub_uuid: undefined,
    language_framework: 'WebdriverIO_mocha',
    referrer: 'WebdriverIO-mocha/9.20.1',
    language: 'WebdriverIO',
    languageVersion: 'v20.19.6',
    buildName: 'undefined',
    buildIdentifier: 'undefined',
    os: 'Darwin',
    hostname: 'macbookpro.lan',
    productMap: {
      observability: true,
      accessibility: null,
      percy: false,
      automate: true,
      app_automate: false
    },
    product: [ 'observability', 'automate' ],
    framework: 'mocha'
  }
}
[90m2026-01-01T13:09:25.527Z[39m [32mDEBUG[39m [97m@wdio/browserstack-service[39m Funnel Event Response: "{\"message\":\"SDK Event recorded successfully\"}"
[90m2026-01-01T13:09:25.527Z[39m [32mDEBUG[39m [97m@wdio/browserstack-service[39m Funnel event success
[90m2026-01-01T13:09:25.528Z[39m [96mINFO[39m [97m@wdio/browserstack-service[39m startMain: Starting main process
[90m2026-01-01T13:09:25.528Z[39m [32mDEBUG[39m [97m@wdio/browserstack-service[39m Configuring Cli path.
[90m2026-01-01T13:09:25.529Z[39m [32mDEBUG[39m [97m@wdio/browserstack-service[39m File /Users/jalalkhan/.browserstack already exist
[90m2026-01-01T13:09:25.529Z[39m [96mINFO[39m [97m@wdio/browserstack-service[39m Current CLI Path Found: /Users/jalalkhan/.browserstack/cli/binary-macos-x64
[90m2026-01-01T13:09:26.615Z[39m [32mDEBUG[39m [97m@wdio/browserstack-service[39m response {"success":true}
[90m2026-01-01T13:09:26.615Z[39m [32mDEBUG[39m [97m@wdio/browserstack-service[39m Resolved binary path: /Users/jalalkhan/.browserstack/cli/binary-macos-x64
[90m2026-01-01T13:09:26.615Z[39m [32mDEBUG[39m [97m@wdio/browserstack-service[39m spawning command='/Users/jalalkhan/.browserstack/cli/binary-macos-x64,sdk'
[90m2026-01-01T13:09:27.005Z[39m [32mDEBUG[39m [97m@wdio/browserstack-service[39m CLI params loaded: {"id":"9526e169-cfdf-41ce-9b20-1d6d646fbdb0","listen":"unix:/tmp/sdk-platform-9526e169-cfdf-41ce-9b20-1d6d646fbdb0.sock"}
[90m2026-01-01T13:09:27.008Z[39m [96mINFO[39m [97m@wdio/browserstack-service[39m Connected to gRPC server at unix:/tmp/sdk-platform-9526e169-cfdf-41ce-9b20-1d6d646fbdb0.sock
[90m2026-01-01T13:09:27.008Z[39m [96mINFO[39m [97m@wdio/browserstack-service[39m Initialized gRPC client with bin session id: 9526e169-cfdf-41ce-9b20-1d6d646fbdb0 and listen address: unix:/tmp/sdk-platform-9526e169-cfdf-41ce-9b20-1d6d646fbdb0.sock
[90m2026-01-01T13:09:27.009Z[39m [32mDEBUG[39m [97m@wdio/browserstack-service[39m startMain: main-process started
[90m2026-01-01T13:09:27.009Z[39m [32mDEBUG[39m [97m@wdio/browserstack-service[39m startBinSession: Calling startBinSession
[90m2026-01-01T13:09:28.099Z[39m [96mINFO[39m [97m@wdio/browserstack-service[39m StartBinSession successful
[90m2026-01-01T13:09:28.102Z[39m [32mDEBUG[39m [97m@wdio/browserstack-service[39m Is CLI running true
[90m2026-01-01T13:09:28.100Z[39m [32mDEBUG[39m [97m@wdio/browserstack-service[39m start: startBinSession response={"binSessionId":"9526e169-cfdf-41ce-9b20-1d6d646fbdb0","config":"{\"userName\":\"jalalkhan_vhXeGd\",\"accessKey\":\"J17nbQ8YYwmyV7x5GABt\",\"platforms\":[{\"platformName\":\"Android\",\"appium:platformVersion\":\"13.0\",\"appium:deviceName\":\"Google Pixel 7\",\"appium:automationName\":\"UIAutomator2\",\"appium:autoGrantPermissions\":true,\"appium:app\":\"bs://e03ecaf012f9c7233c2ed179e02da4a74f1d3c01\",\"wdioService\":\"9.20.1\"}],\"isNonBstackA11yWDIO\":false,\"accessibility\":false,\"testObservability\":true,\"testContextOptions\":{\"skipSessionName\":false,\"skipSessionStatus\":false,\"sessionNameOmitTestTitle\":false,\"sessionNamePrependTopLevelSuiteTitle\":false,\"sessionNameFormat\":\"\"},\"buildTag\":[],\"browserstackLocal\":false,\"browserstackAutomation\":true,\"selfHeal\":false,\"disableAutoCaptureLogs\":false,\"testhub\":true,\"additionalPlatforms\":[],\"additionalParams\":{},\"browserStackLocalOptions\":{\"key\":\"J17nbQ8YYwmyV7x5GABt\",\"skipBinaryInitialisation\":false},\"testOrchestrationOptions\":{\"retryTestsOnFailure\":{},\"abortBuildOnFailure\":{}},\"apis\":{\"automate\":{\"hub\":\"https://hub.browserstack.com\",\"cdp\":\"https://cdp.browserstack.com\",\"api\":\"https://api.browserstack.com\",\"upload\":\"https://api-cloud.browserstack.com\"},\"appAutomate\":{\"hub\":\"https://hub.browserstack.com\",\"api\":\"https://api.browserstack.com\",\"upload\":\"https://api-cloud.browserstack.com\"},\"percy\":{\"api\":\"https://api.browserstack.com\"},\"turboScale\":{\"api\":\"https://grid.browserstack.com\"},\"accessibility\":{\"api\":\"https://accessibility.browserstack.com\"},\"appAccessibility\":{\"api\":\"https://app-accessibility.browserstack.com\"},\"observability\":{\"api\":\"https://collector-observability.browserstack.com\",\"upload\":\"https://upload-observability.browserstack.com\"},\"configServer\":{\"api\":\"https://sdk.browserstack.com\"},\"edsInstrumentation\":{\"api\":\"https://eds.browserstack.com\"},\"tcg\":{\"api\":\"https://tcg.browserstack.com\"}},\"hubUrl\":\"https://hub.browserstack.com/wd/hub\"}","testhub":{"jwt":"eyJhbGciOiJSUzI1NiJ9.eyJleHAiOiIxNzY3MjgzNzY3IiwiaXNzIjoid3d3LmJyb3dzZXJzdGFjay5jb20iLCJzdWIiOjUxNjM4OTcsInNjb3BlIjp7InByb2R1Y3QiOiJzZGsiLCJ1c2VyX2FjY2VzcyI6eyJ0ZXN0X29ic2VydmFiaWxpdHkiOjEsImF1dG9tYXRlIjoxLCJhcHBfYXV0b21hdGUiOjEsInBlcmN5IjoxLCJhcHBfcGVyY3kiOjEsImFjY2Vzc2liaWxpdHlfdGVzdGluZyI6MSwiYXBwX2FjY2Vzc2liaWxpdHlfdGVzdGluZyI6MSwiYXV0b21hdGVfdHVyYm9zY2FsZSI6MSwibG93X2NvZGVfYXV0b21hdGlvbiI6MX0sImlhYW1fcm9sZSI6Im93bmVyIn0sImdyb3VwX2lkIjo1MTAxNTU3LCJ0ZWFtX2lkIjpudWxsLCJ1ZGFjX2FjY2VzcyI6Imdsb2JhbCJ9.kurFoyIH9-B2mU4jiDTYE4mM3bpxnGTRVPaYIxcCvrGOzpYvGsr0t-guKToA4kODAnoKPwUCdJGSsyXtTbe2qGf8XZPKGGXqS_amoxqVVcetB8D53VMB4I7JsDMmiUDpo-MHEsUm80d_bmR-2GxyThEqUnrgaZlvGiyzNKYKei9kp51dJpwm2MFA74RutjzGCc2jTatsSf5EfHSswQRwmqW1tR5Z3OuOx2MPPKgLPtI-I6iY5UqFocNsgGC1Ya46YaD_u9MzJ0f2L92KQhDcFwlqZu83dgUBF8yjI5mC4ixLJroZajw0NOPxHaPTEdZH75exHAZeG_-J4CaxyLPxoA","buildHashedId":"8f5dnofalcddtd78ewgu0ykwfsaq1d8tmraixbfk","testhubEvents":true,"errors":{}},"observability":{"success":true,"errors":[]},"sessionFramework":"config/wdio.android.bs.conf.js"}
[90m2026-01-01T13:09:28.100Z[39m [96mINFO[39m [97m@wdio/browserstack-service[39m loadModules: binSessionId=9526e169-cfdf-41ce-9b20-1d6d646fbdb0
[90m2026-01-01T13:09:28.100Z[39m [32mDEBUG[39m [97m@wdio/browserstack-service[39m loadModules: config={"userName":"jalalkhan_vhXeGd","accessKey":"J17nbQ8YYwmyV7x5GABt","platforms":[{"platformName":"Android","appium:platformVersion":"13.0","appium:deviceName":"Google Pixel 7","appium:automationName":"UIAutomator2","appium:autoGrantPermissions":true,"appium:app":"bs://e03ecaf012f9c7233c2ed179e02da4a74f1d3c01","wdioService":"9.20.1"}],"isNonBstackA11yWDIO":false,"accessibility":false,"testObservability":true,"testContextOptions":{"skipSessionName":false,"skipSessionStatus":false,"sessionNameOmitTestTitle":false,"sessionNamePrependTopLevelSuiteTitle":false,"sessionNameFormat":""},"buildTag":[],"browserstackLocal":false,"browserstackAutomation":true,"selfHeal":false,"disableAutoCaptureLogs":false,"testhub":true,"additionalPlatforms":[],"additionalParams":{},"browserStackLocalOptions":{"key":"J17nbQ8YYwmyV7x5GABt","skipBinaryInitialisation":false},"testOrchestrationOptions":{"retryTestsOnFailure":{},"abortBuildOnFailure":{}},"apis":{"automate":{"hub":"https://hub.browserstack.com","cdp":"https://cdp.browserstack.com","api":"https://api.browserstack.com","upload":"https://api-cloud.browserstack.com"},"appAutomate":{"hub":"https://hub.browserstack.com","api":"https://api.browserstack.com","upload":"https://api-cloud.browserstack.com"},"percy":{"api":"https://api.browserstack.com"},"turboScale":{"api":"https://grid.browserstack.com"},"accessibility":{"api":"https://accessibility.browserstack.com"},"appAccessibility":{"api":"https://app-accessibility.browserstack.com"},"observability":{"api":"https://collector-observability.browserstack.com","upload":"https://upload-observability.browserstack.com"},"configServer":{"api":"https://sdk.browserstack.com"},"edsInstrumentation":{"api":"https://eds.browserstack.com"},"tcg":{"api":"https://tcg.browserstack.com"}},"hubUrl":"https://hub.browserstack.com/wd/hub"}
[90m2026-01-01T13:09:28.101Z[39m [96mINFO[39m [97m@wdio/browserstack-service[39m AutomateModule: Initializing Automate Module
[90m2026-01-01T13:09:28.101Z[39m [32mDEBUG[39m [97m@wdio/browserstack-service[39m configureModules: Configuring modules
[90m2026-01-01T13:09:28.101Z[39m [32mDEBUG[39m [97m@wdio/browserstack-service[39m configureModules: Configuring module=WebdriverIOModule platformIndex=0
[90m2026-01-01T13:09:28.101Z[39m [32mDEBUG[39m [97m@wdio/browserstack-service[39m Configured module WebdriverIOModule with binSessionId=9526e169-cfdf-41ce-9b20-1d6d646fbdb0, platformIndex=0
[90m2026-01-01T13:09:28.101Z[39m [32mDEBUG[39m [97m@wdio/browserstack-service[39m configureModules: Configuring module=AutomateModule platformIndex=0
[90m2026-01-01T13:09:28.101Z[39m [32mDEBUG[39m [97m@wdio/browserstack-service[39m Configured module AutomateModule with binSessionId=9526e169-cfdf-41ce-9b20-1d6d646fbdb0, platformIndex=0
[90m2026-01-01T13:09:28.101Z[39m [32mDEBUG[39m [97m@wdio/browserstack-service[39m configureModules: Configuring module=ObservabilityModule platformIndex=0
[90m2026-01-01T13:09:28.101Z[39m [32mDEBUG[39m [97m@wdio/browserstack-service[39m Configured module ObservabilityModule with binSessionId=9526e169-cfdf-41ce-9b20-1d6d646fbdb0, platformIndex=0
[90m2026-01-01T13:09:28.102Z[39m [32mDEBUG[39m [97m@wdio/browserstack-service[39m configureModules: Configuring module=TestHubModule platformIndex=0
[90m2026-01-01T13:09:28.102Z[39m [32mDEBUG[39m [97m@wdio/browserstack-service[39m Configured module TestHubModule with binSessionId=9526e169-cfdf-41ce-9b20-1d6d646fbdb0, platformIndex=0
[90m2026-01-01T13:09:28.102Z[39m [33mWARN[39m [97m@wdio/browserstack-service[39m Accessibility Automation will run only on Chrome browsers.
[90m2026-01-01T13:09:29.827Z[39m [96mINFO[39m [97m@wdio/browserstack-service[39m Starting as child process with session ID: 9526e169-cfdf-41ce-9b20-1d6d646fbdb0
[90m2026-01-01T13:09:29.829Z[39m [96mINFO[39m [97m@wdio/browserstack-service[39m Connected to gRPC server at unix:/tmp/sdk-platform-9526e169-cfdf-41ce-9b20-1d6d646fbdb0.sock
[90m2026-01-01T13:09:29.830Z[39m [32mDEBUG[39m [97m@wdio/browserstack-service[39m Connecting bin session
[90m2026-01-01T13:09:30.116Z[39m [96mINFO[39m [97m@wdio/browserstack-service[39m ConnectBinSession successful
[90m2026-01-01T13:09:30.118Z[39m [96mINFO[39m [97m@wdio/browserstack-service[39m Connected to bin session: {"binSessionId":"9526e169-cfdf-41ce-9b20-1d6d646fbdb0","config":"{\"userName\":\"jalalkhan_vhXeGd\",\"accessKey\":\"J17nbQ8YYwmyV7x5GABt\",\"platforms\":[{\"platformName\":\"Android\",\"appium:platformVersion\":\"13.0\",\"appium:deviceName\":\"Google Pixel 7\",\"appium:automationName\":\"UIAutomator2\",\"appium:autoGrantPermissions\":true,\"appium:app\":\"bs://e03ecaf012f9c7233c2ed179e02da4a74f1d3c01\",\"wdioService\":\"9.20.1\"}],\"isNonBstackA11yWDIO\":false,\"accessibility\":false,\"testObservability\":true,\"testContextOptions\":{\"skipSessionName\":false,\"skipSessionStatus\":false,\"sessionNameOmitTestTitle\":false,\"sessionNamePrependTopLevelSuiteTitle\":false,\"sessionNameFormat\":\"\"},\"buildTag\":[],\"browserstackLocal\":false,\"browserstackAutomation\":true,\"selfHeal\":false,\"disableAutoCaptureLogs\":false,\"testhub\":true,\"additionalPlatforms\":[],\"additionalParams\":{},\"browserStackLocalOptions\":{\"key\":\"J17nbQ8YYwmyV7x5GABt\",\"skipBinaryInitialisation\":false},\"testOrchestrationOptions\":{\"retryTestsOnFailure\":{},\"abortBuildOnFailure\":{}},\"apis\":{\"automate\":{\"hub\":\"https://hub.browserstack.com\",\"cdp\":\"https://cdp.browserstack.com\",\"api\":\"https://api.browserstack.com\",\"upload\":\"https://api-cloud.browserstack.com\"},\"appAutomate\":{\"hub\":\"https://hub.browserstack.com\",\"api\":\"https://api.browserstack.com\",\"upload\":\"https://api-cloud.browserstack.com\"},\"percy\":{\"api\":\"https://api.browserstack.com\"},\"turboScale\":{\"api\":\"https://grid.browserstack.com\"},\"accessibility\":{\"api\":\"https://accessibility.browserstack.com\"},\"appAccessibility\":{\"api\":\"https://app-accessibility.browserstack.com\"},\"observability\":{\"api\":\"https://collector-observability.browserstack.com\",\"upload\":\"https://upload-observability.browserstack.com\"},\"configServer\":{\"api\":\"https://sdk.browserstack.com\"},\"edsInstrumentation\":{\"api\":\"https://eds.browserstack.com\"},\"tcg\":{\"api\":\"https://tcg.browserstack.com\"}},\"hubUrl\":\"https://hub-apse.browserstack.com/wd/hub\"}","testhub":{"jwt":"eyJhbGciOiJSUzI1NiJ9.eyJleHAiOiIxNzY3MjgzNzY3IiwiaXNzIjoid3d3LmJyb3dzZXJzdGFjay5jb20iLCJzdWIiOjUxNjM4OTcsInNjb3BlIjp7InByb2R1Y3QiOiJzZGsiLCJ1c2VyX2FjY2VzcyI6eyJ0ZXN0X29ic2VydmFiaWxpdHkiOjEsImF1dG9tYXRlIjoxLCJhcHBfYXV0b21hdGUiOjEsInBlcmN5IjoxLCJhcHBfcGVyY3kiOjEsImFjY2Vzc2liaWxpdHlfdGVzdGluZyI6MSwiYXBwX2FjY2Vzc2liaWxpdHlfdGVzdGluZyI6MSwiYXV0b21hdGVfdHVyYm9zY2FsZSI6MSwibG93X2NvZGVfYXV0b21hdGlvbiI6MX0sImlhYW1fcm9sZSI6Im93bmVyIn0sImdyb3VwX2lkIjo1MTAxNTU3LCJ0ZWFtX2lkIjpudWxsLCJ1ZGFjX2FjY2VzcyI6Imdsb2JhbCJ9.kurFoyIH9-B2mU4jiDTYE4mM3bpxnGTRVPaYIxcCvrGOzpYvGsr0t-guKToA4kODAnoKPwUCdJGSsyXtTbe2qGf8XZPKGGXqS_amoxqVVcetB8D53VMB4I7JsDMmiUDpo-MHEsUm80d_bmR-2GxyThEqUnrgaZlvGiyzNKYKei9kp51dJpwm2MFA74RutjzGCc2jTatsSf5EfHSswQRwmqW1tR5Z3OuOx2MPPKgLPtI-I6iY5UqFocNsgGC1Ya46YaD_u9MzJ0f2L92KQhDcFwlqZu83dgUBF8yjI5mC4ixLJroZajw0NOPxHaPTEdZH75exHAZeG_-J4CaxyLPxoA","buildHashedId":"8f5dnofalcddtd78ewgu0ykwfsaq1d8tmraixbfk","testhubEvents":true,"errors":{}},"observability":{"success":true,"errors":[]},"sessionFramework":"selenium","testOrchestration":{"retryTestsOnFailure":{"enabled":false,"maxRetries":0},"abortBuildOnFailure":{"enabled":false,"maxFailures":0}}}
[90m2026-01-01T13:09:30.118Z[39m [96mINFO[39m [97m@wdio/browserstack-service[39m loadModules: binSessionId=9526e169-cfdf-41ce-9b20-1d6d646fbdb0
[90m2026-01-01T13:09:30.118Z[39m [32mDEBUG[39m [97m@wdio/browserstack-service[39m loadModules: config={"userName":"jalalkhan_vhXeGd","accessKey":"J17nbQ8YYwmyV7x5GABt","platforms":[{"platformName":"Android","appium:platformVersion":"13.0","appium:deviceName":"Google Pixel 7","appium:automationName":"UIAutomator2","appium:autoGrantPermissions":true,"appium:app":"bs://e03ecaf012f9c7233c2ed179e02da4a74f1d3c01","wdioService":"9.20.1"}],"isNonBstackA11yWDIO":false,"accessibility":false,"testObservability":true,"testContextOptions":{"skipSessionName":false,"skipSessionStatus":false,"sessionNameOmitTestTitle":false,"sessionNamePrependTopLevelSuiteTitle":false,"sessionNameFormat":""},"buildTag":[],"browserstackLocal":false,"browserstackAutomation":true,"selfHeal":false,"disableAutoCaptureLogs":false,"testhub":true,"additionalPlatforms":[],"additionalParams":{},"browserStackLocalOptions":{"key":"J17nbQ8YYwmyV7x5GABt","skipBinaryInitialisation":false},"testOrchestrationOptions":{"retryTestsOnFailure":{},"abortBuildOnFailure":{}},"apis":{"automate":{"hub":"https://hub.browserstack.com","cdp":"https://cdp.browserstack.com","api":"https://api.browserstack.com","upload":"https://api-cloud.browserstack.com"},"appAutomate":{"hub":"https://hub.browserstack.com","api":"https://api.browserstack.com","upload":"https://api-cloud.browserstack.com"},"percy":{"api":"https://api.browserstack.com"},"turboScale":{"api":"https://grid.browserstack.com"},"accessibility":{"api":"https://accessibility.browserstack.com"},"appAccessibility":{"api":"https://app-accessibility.browserstack.com"},"observability":{"api":"https://collector-observability.browserstack.com","upload":"https://upload-observability.browserstack.com"},"configServer":{"api":"https://sdk.browserstack.com"},"edsInstrumentation":{"api":"https://eds.browserstack.com"},"tcg":{"api":"https://tcg.browserstack.com"}},"hubUrl":"https://hub-apse.browserstack.com/wd/hub"}
[90m2026-01-01T13:09:30.119Z[39m [96mINFO[39m [97m@wdio/browserstack-service[39m AutomateModule: Initializing Automate Module
[90m2026-01-01T13:09:30.120Z[39m [32mDEBUG[39m [97m@wdio/browserstack-service[39m configureModules: Configuring modules
[90m2026-01-01T13:09:30.120Z[39m [32mDEBUG[39m [97m@wdio/browserstack-service[39m configureModules: Configuring module=WebdriverIOModule platformIndex=0
[90m2026-01-01T13:09:30.120Z[39m [32mDEBUG[39m [97m@wdio/browserstack-service[39m Configured module WebdriverIOModule with binSessionId=9526e169-cfdf-41ce-9b20-1d6d646fbdb0, platformIndex=0
[90m2026-01-01T13:09:30.120Z[39m [32mDEBUG[39m [97m@wdio/browserstack-service[39m configureModules: Configuring module=AutomateModule platformIndex=0
[90m2026-01-01T13:09:30.120Z[39m [32mDEBUG[39m [97m@wdio/browserstack-service[39m Configured module AutomateModule with binSessionId=9526e169-cfdf-41ce-9b20-1d6d646fbdb0, platformIndex=0
[90m2026-01-01T13:09:30.120Z[39m [32mDEBUG[39m [97m@wdio/browserstack-service[39m configureModules: Configuring module=ObservabilityModule platformIndex=0
[90m2026-01-01T13:09:30.120Z[39m [32mDEBUG[39m [97m@wdio/browserstack-service[39m Configured module ObservabilityModule with binSessionId=9526e169-cfdf-41ce-9b20-1d6d646fbdb0, platformIndex=0
[90m2026-01-01T13:09:30.120Z[39m [96mINFO[39m [97m@wdio/browserstack-service[39m trackEvent: automationFrameworkState=AutomationFrameworkState.CREATE hookState=HookState.PRE
[90m2026-01-01T13:09:30.121Z[39m [96mINFO[39m [97m@wdio/browserstack-service[39m trackEvent: automationFrameworkState=AutomationFrameworkState.CREATE hookState=HookState.PRE args=[object Object]
[90m2026-01-01T13:09:30.121Z[39m [32mDEBUG[39m [97m@wdio/browserstack-service[39m configureModules: Configuring module=TestHubModule platformIndex=0
[90m2026-01-01T13:09:30.121Z[39m [32mDEBUG[39m [97m@wdio/browserstack-service[39m Configured module TestHubModule with binSessionId=9526e169-cfdf-41ce-9b20-1d6d646fbdb0, platformIndex=0
[90m2026-01-01T13:09:30.121Z[39m [96mINFO[39m [97m@wdio/browserstack-service[39m resolveInstance: resolving instance for automationFrameworkState=AutomationFrameworkState.CREATE hookState=HookState.PRE
[90m2026-01-01T13:09:30.121Z[39m [32mDEBUG[39m [97m@wdio/browserstack-service[39m getTrackedInstance: 24078:0
[90m2026-01-01T13:09:30.121Z[39m [96mINFO[39m [97m@wdio/browserstack-service[39m trackWebdriverIOInstance: created instance for target=24078:0, state=AutomationFrameworkState.CREATE, args=[object Object]
[90m2026-01-01T13:09:30.122Z[39m [32mDEBUG[39m [97m@wdio/browserstack-service[39m setTrackedInstance: 671468f404d51ce435212d9ee83af23580773a14f97577b5147acc369d17426d
[90m2026-01-01T13:09:30.122Z[39m [96mINFO[39m [97m@wdio/browserstack-service[39m trackWebdriverIOInstance: saved instance contextId=671468f404d51ce435212d9ee83af23580773a14f97577b5147acc369d17426d target=24078:0
[90m2026-01-01T13:09:30.122Z[39m [32mDEBUG[39m [97m@wdio/browserstack-service[39m getTrackedInstance: 24078:0
[90m2026-01-01T13:09:30.122Z[39m [96mINFO[39m [97m@wdio/browserstack-service[39m runHooks: automationFrameworkState=AutomationFrameworkState.CREATE hookState=HookState.PRE
[90m2026-01-01T13:09:30.122Z[39m [32mDEBUG[39m [97m@wdio/browserstack-service[39m onBeforeDriverCreate: driver is about to be created
[90m2026-01-01T13:09:30.123Z[39m [96mINFO[39m [97m@wdio/browserstack-service[39m Sending driverInitEvent
[90m2026-01-01T13:09:30.132Z[39m [96mINFO[39m [97m@wdio/browserstack-service[39m driverInitEvent successful
[90m2026-01-01T13:09:30.133Z[39m [32mDEBUG[39m [97m@wdio/browserstack-service[39m getBinDriverCapabilities: got hub url https://hub-apse.browserstack.com/wd/hub
[90m2026-01-01T13:09:30.133Z[39m [32mDEBUG[39m [97m@wdio/browserstack-service[39m getTrackedInstance: 24078:0
[90m2026-01-01T13:09:49.964Z[39m [96mINFO[39m [97m@wdio/browserstack-service[39m trackEvent: automationFrameworkState=AutomationFrameworkState.CREATE hookState=HookState.POST
[90m2026-01-01T13:09:49.964Z[39m [96mINFO[39m [97m@wdio/browserstack-service[39m trackEvent: automationFrameworkState=AutomationFrameworkState.CREATE hookState=HookState.POST args=[object Object]
[90m2026-01-01T13:09:49.964Z[39m [96mINFO[39m [97m@wdio/browserstack-service[39m resolveInstance: resolving instance for automationFrameworkState=AutomationFrameworkState.CREATE hookState=HookState.POST
[90m2026-01-01T13:09:49.964Z[39m [32mDEBUG[39m [97m@wdio/browserstack-service[39m getTrackedInstance: 24078:0
[90m2026-01-01T13:09:49.964Z[39m [96mINFO[39m [97m@wdio/browserstack-service[39m trackWebdriverIOInstance: instance already exists
[90m2026-01-01T13:09:49.965Z[39m [32mDEBUG[39m [97m@wdio/browserstack-service[39m getTrackedInstance: 24078:0
[90m2026-01-01T13:09:49.965Z[39m [96mINFO[39m [97m@wdio/browserstack-service[39m runHooks: automationFrameworkState=AutomationFrameworkState.CREATE hookState=HookState.POST
[90m2026-01-01T13:09:49.965Z[39m [32mDEBUG[39m [97m@wdio/browserstack-service[39m onDriverCreated: Called
[90m2026-01-01T13:09:49.965Z[39m [32mDEBUG[39m [97m@wdio/browserstack-service[39m onDriverCreated: Driver session ID: 430e5617c1da7430de9212167350a11511061fab
[90m2026-01-01T13:09:49.965Z[39m [32mDEBUG[39m [97m@wdio/browserstack-service[39m onDriverCreated: Driver capabilities: {"platform":"LINUX","webStorageEnabled":false,"takesScreenshot":true,"javascriptEnabled":true,"databaseEnabled":false,"networkConnectionEnabled":true,"locationContextEnabled":false,"warnings":{},"desired":{"platformName":"Android","bstack:options":{"hostName":"macbookpro.lan"},"goog:chromeOptions":{},"newCommandTimeout":0,"deviceName":"google pixel 7","chromedriverPorts":[[18111,18121]],"chromedriverArgs":["--adb-port=5038"],"automationName":"uiautomator2","systemPort":8201,"autoGrantPermissions":true,"bundleID":"com.rolleaseacmeda.automatepulse","bundleId":"com.rolleaseacmeda.automatepulse","skipServerInstallation":true,"udid":"28121FDH200GQM","appPackage":"com.rolleaseacmeda.automatepulse","appActivity":"com.rolleaseacmeda.automatepulse.SplashActivity","nativeWebScreenshot":true,"disableSuppressAccessibilityService":true},"platformName":"Android","bstack:options":{"hostName":"macbookpro.lan"},"goog:chromeOptions":{},"newCommandTimeout":0,"deviceName":"28121FDH200GQM","chromedriverPorts":[[18111,18121]],"chromedriverArgs":["--adb-port=5038"],"automationName":"uiautomator2","systemPort":8201,"autoGrantPermissions":true,"bundleID":"com.rolleaseacmeda.automatepulse","bundleId":"com.rolleaseacmeda.automatepulse","skipServerInstallation":true,"udid":"28121FDH200GQM","appPackage":"com.rolleaseacmeda.automatepulse","appActivity":"com.rolleaseacmeda.automatepulse.SplashActivity","nativeWebScreenshot":true,"disableSuppressAccessibilityService":true,"deviceUDID":"28121FDH200GQM","deviceApiLevel":33,"platformVersion":"13","deviceScreenSize":"1080x2400","deviceScreenDensity":420,"deviceModel":"Pixel 7","deviceManufacturer":"Google","pixelRatio":2.625,"statBarHeight":118,"viewportRect":{"left":0,"top":118,"width":1080,"height":2101}}
[90m2026-01-01T13:09:49.965Z[39m [32mDEBUG[39m [97m@wdio/browserstack-service[39m onDriverCreated: Is BrowserStack hub: true
[90m2026-01-01T13:09:49.965Z[39m [96mINFO[39m [97m@wdio/browserstack-service[39m onDriverCreated: Successfully processed driver creation for session: 430e5617c1da7430de9212167350a11511061fab
[90m2026-01-01T13:09:49.965Z[39m [96mINFO[39m [97m@wdio/browserstack-service[39m onBeforeTest: Observability sync done
[90m2026-01-01T13:09:49.963Z[39m [96mINFO[39m [97m@wdio/browserstack-service[39m CLI is running, tracking accessibility event for before: 430e5617c1da7430de9212167350a11511061fab
[90m2026-01-01T13:09:49.964Z[39m [32mDEBUG[39m [97m@wdio/browserstack-service[39m Skipping method: Console, exists: true, type: function
[90m2026-01-01T13:09:49.964Z[39m [96mINFO[39m [97m@wdio/browserstack-service[39m CLI is running, tracking insights event for before: 430e5617c1da7430de9212167350a11511061fab
[90m2026-01-01T13:09:49.996Z[39m [32mDEBUG[39m [97m@wdio/browserstack-service[39m Driver capabilities used for integration object: {"platform":"LINUX","webStorageEnabled":false,"takesScreenshot":true,"javascriptEnabled":true,"databaseEnabled":false,"networkConnectionEnabled":true,"locationContextEnabled":false,"warnings":{},"desired":{"platformName":"Android","bstack:options":{"hostName":"macbookpro.lan"},"goog:chromeOptions":{},"newCommandTimeout":0,"deviceName":"google pixel 7","chromedriverPorts":[[18111,18121]],"chromedriverArgs":["--adb-port=5038"],"automationName":"uiautomator2","systemPort":8201,"autoGrantPermissions":true,"bundleID":"com.rolleaseacmeda.automatepulse","bundleId":"com.rolleaseacmeda.automatepulse","skipServerInstallation":true,"udid":"28121FDH200GQM","appPackage":"com.rolleaseacmeda.automatepulse","appActivity":"com.rolleaseacmeda.automatepulse.SplashActivity","nativeWebScreenshot":true,"disableSuppressAccessibilityService":true},"platformName":"Android","bstack:options":{"hostName":"macbookpro.lan"},"goog:chromeOptions":{},"newCommandTimeout":0,"deviceName":"28121FDH200GQM","chromedriverPorts":[[18111,18121]],"chromedriverArgs":["--adb-port=5038"],"automationName":"uiautomator2","systemPort":8201,"autoGrantPermissions":true,"bundleID":"com.rolleaseacmeda.automatepulse","bundleId":"com.rolleaseacmeda.automatepulse","skipServerInstallation":true,"udid":"28121FDH200GQM","appPackage":"com.rolleaseacmeda.automatepulse","appActivity":"com.rolleaseacmeda.automatepulse.SplashActivity","nativeWebScreenshot":true,"disableSuppressAccessibilityService":true,"deviceUDID":"28121FDH200GQM","deviceApiLevel":33,"platformVersion":"13","deviceScreenSize":"1080x2400","deviceScreenDensity":420,"deviceModel":"Pixel 7","deviceManufacturer":"Google","pixelRatio":2.625,"statBarHeight":118,"viewportRect":{"left":0,"top":118,"width":1080,"height":2101}}
[90m2026-01-01T13:09:49.996Z[39m [32mDEBUG[39m [97m@wdio/browserstack-service[39m User capabilities used for integration object: {"platformName":"Android","appium:platformVersion":"13.0","appium:deviceName":"Google Pixel 7","appium:automationName":"UIAutomator2","appium:autoGrantPermissions":true,"appium:app":"bs://e03ecaf012f9c7233c2ed179e02da4a74f1d3c01","bstack:options":{"userName":"jalalkhan_vhXeGd","accessKey":"J17nbQ8YYwmyV7x5GABt","platformName":"Android","wdioService":"9.20.1","hostName":"macbookpro.lan","browserstackSDK":"WebdriverIO-mocha-ECMAScriptagent/9.20.1","buildProductMap":{"observability":true,"accessibility":false,"percy":false,"automate":true,"app_automate":false,"turboscale":false,"central_scanner":false,"lts":false},"platformVersion":"13.0","deviceName":"Google Pixel 7","useW3C":true,"accessibilityOptions":{},"browserstackAutomation":true,"testhubBuildUuid":"8f5dnofalcddtd78ewgu0ykwfsaq1d8tmraixbfk"}}
[90m2026-01-01T13:09:49.997Z[39m [32mDEBUG[39m [97m@wdio/browserstack-service[39m Got platformVersion from driver caps
[90m2026-01-01T13:09:49.997Z[39m [32mDEBUG[39m [97m@wdio/browserstack-service[39m Added data to request queue. Queue length = 1
[90m2026-01-01T13:09:51.998Z[39m [32mDEBUG[39m [97m@wdio/browserstack-service[39m Sending data from request queue. Data length = 1, Queue length after removal = 0
[90m2026-01-01T13:09:51.998Z[39m [32mDEBUG[39m [97m@wdio/browserstack-service[39m calling callback with kind INTERVAL_QUEUE
[90m2026-01-01T13:09:51.998Z[39m [32mDEBUG[39m [97m@wdio/browserstack-service[39m callback: called with events 1
[90m2026-01-01T13:09:52.791Z[39m [32mDEBUG[39m [97m@wdio/browserstack-service[39m [BATCH_DATA] EXCEPTION IN BATCH_DATA REQUEST TO TEST REPORTING AND ANALYTICS : SyntaxError: Unexpected end of JSON input
[90m2026-01-01T13:09:52.791Z[39m [32mDEBUG[39m [97m@wdio/browserstack-service[39m callback: marking events failed 1
[90m2026-01-01T13:10:02.755Z[39m [32mDEBUG[39m [97m@wdio/browserstack-service[39m Driver capabilities used for integration object: {"platform":"LINUX","webStorageEnabled":false,"takesScreenshot":true,"javascriptEnabled":true,"databaseEnabled":false,"networkConnectionEnabled":true,"locationContextEnabled":false,"warnings":{},"desired":{"platformName":"Android","bstack:options":{"hostName":"macbookpro.lan"},"goog:chromeOptions":{},"newCommandTimeout":0,"deviceName":"google pixel 7","chromedriverPorts":[[18111,18121]],"chromedriverArgs":["--adb-port=5038"],"automationName":"uiautomator2","systemPort":8201,"autoGrantPermissions":true,"bundleID":"com.rolleaseacmeda.automatepulse","bundleId":"com.rolleaseacmeda.automatepulse","skipServerInstallation":true,"udid":"28121FDH200GQM","appPackage":"com.rolleaseacmeda.automatepulse","appActivity":"com.rolleaseacmeda.automatepulse.SplashActivity","nativeWebScreenshot":true,"disableSuppressAccessibilityService":true},"platformName":"Android","bstack:options":{"hostName":"macbookpro.lan"},"goog:chromeOptions":{},"newCommandTimeout":0,"deviceName":"28121FDH200GQM","chromedriverPorts":[[18111,18121]],"chromedriverArgs":["--adb-port=5038"],"automationName":"uiautomator2","systemPort":8201,"autoGrantPermissions":true,"bundleID":"com.rolleaseacmeda.automatepulse","bundleId":"com.rolleaseacmeda.automatepulse","skipServerInstallation":true,"udid":"28121FDH200GQM","appPackage":"com.rolleaseacmeda.automatepulse","appActivity":"com.rolleaseacmeda.automatepulse.SplashActivity","nativeWebScreenshot":true,"disableSuppressAccessibilityService":true,"deviceUDID":"28121FDH200GQM","deviceApiLevel":33,"platformVersion":"13","deviceScreenSize":"1080x2400","deviceScreenDensity":420,"deviceModel":"Pixel 7","deviceManufacturer":"Google","pixelRatio":2.625,"statBarHeight":118,"viewportRect":{"left":0,"top":118,"width":1080,"height":2101}}
[90m2026-01-01T13:10:02.759Z[39m [96mINFO[39m [97m@wdio/browserstack-service[39m trackEvent: testFrameworkState=TestFrameworkState.INIT_TEST hookState=HookState.PRE
[90m2026-01-01T13:10:02.755Z[39m [32mDEBUG[39m [97m@wdio/browserstack-service[39m User capabilities used for integration object: {"platformName":"Android","appium:platformVersion":"13.0","appium:deviceName":"Google Pixel 7","appium:automationName":"UIAutomator2","appium:autoGrantPermissions":true,"appium:app":"bs://e03ecaf012f9c7233c2ed179e02da4a74f1d3c01","bstack:options":{"userName":"jalalkhan_vhXeGd","accessKey":"J17nbQ8YYwmyV7x5GABt","platformName":"Android","wdioService":"9.20.1","hostName":"macbookpro.lan","browserstackSDK":"WebdriverIO-mocha-ECMAScriptagent/9.20.1","buildProductMap":{"observability":true,"accessibility":false,"percy":false,"automate":true,"app_automate":false,"turboscale":false,"central_scanner":false,"lts":false},"platformVersion":"13.0","deviceName":"Google Pixel 7","useW3C":true,"accessibilityOptions":{},"browserstackAutomation":true,"testhubBuildUuid":"8f5dnofalcddtd78ewgu0ykwfsaq1d8tmraixbfk"}}
[90m2026-01-01T13:10:02.755Z[39m [32mDEBUG[39m [97m@wdio/browserstack-service[39m Got platformVersion from driver caps
[90m2026-01-01T13:10:02.755Z[39m [32mDEBUG[39m [97m@wdio/browserstack-service[39m Added data to request queue. Queue length = 1
[90m2026-01-01T13:10:02.759Z[39m [96mINFO[39m [97m@wdio/browserstack-service[39m trackEvent: testFrameworkState=TestFrameworkState.INIT_TEST; hookState=HookState.PRE; args=[object Object]
[90m2026-01-01T13:10:02.760Z[39m [96mINFO[39m [97m@wdio/browserstack-service[39m resolveInstance: resolving instance for testFrameworkState=TestFrameworkState.INIT_TEST hookState=HookState.PRE
[90m2026-01-01T13:10:02.760Z[39m [96mINFO[39m [97m@wdio/browserstack-service[39m trackWdioMochaInstance: created instance for target=24078:0, state=TestFrameworkState.INIT_TEST, args=[object Object]
[90m2026-01-01T13:10:02.826Z[39m [96mINFO[39m [97m@wdio/browserstack-service[39m trackWdioMochaInstance: saved instance contextId=671468f404d51ce435212d9ee83af23580773a14f97577b5147acc369d17426d target=24078:0
[90m2026-01-01T13:10:02.828Z[39m [96mINFO[39m [97m@wdio/browserstack-service[39m Hook Started in PRE key = TestFrameworkState.INIT_TEST & hook = {"key":"TestFrameworkState.INIT_TEST","hook_id":"","hook_result":"pending","event_started_at":"2026-01-01T13:10:02.828Z","hook_logs":[],"hook_name":"opens Contact Support and validates the Contact Support screen","test_file_path":"test/specs/android/menu/contact-support-inapp.spec.js","test_location":"test/specs/android/menu/contact-support-inapp.spec.js"}
[90m2026-01-01T13:10:02.829Z[39m [96mINFO[39m [97m@wdio/browserstack-service[39m trackHookEvents: hook state=TestFrameworkState.INIT_TEST.HookState.PRE, hooks started={}, hooks finished={}
[90m2026-01-01T13:10:02.829Z[39m [32mDEBUG[39m [97m@wdio/browserstack-service[39m trackEvent: tracked instance data={"test_framework_name":"WebdriverIO-mocha","test_framework_version":"9.20.1","test_logs":[],"test_hooks_finished":{},"test_hooks_started":{},"test_uuid":"20da7ffc-357b-4d4d-b7b9-aa2293514403","test_result":"pending","test_hook_last_started":"TestFrameworkState.INIT_TEST"}
[90m2026-01-01T13:10:02.829Z[39m [96mINFO[39m [97m@wdio/browserstack-service[39m runHooks: instance=[object Object] automationFrameworkState=TestFrameworkState.INIT_TEST hookState=HookState.PRE
[90m2026-01-01T13:10:02.829Z[39m [32mDEBUG[39m [97m@wdio/browserstack-service[39m onAllTestEvents: Called after all test events from cli configured module!!!
[90m2026-01-01T13:10:02.829Z[39m [96mINFO[39m [97m@wdio/browserstack-service[39m trackEvent: testFrameworkState=TestFrameworkState.TEST hookState=HookState.PRE
[90m2026-01-01T13:10:02.829Z[39m [96mINFO[39m [97m@wdio/browserstack-service[39m trackEvent: testFrameworkState=TestFrameworkState.TEST; hookState=HookState.PRE; args=[object Object]
[90m2026-01-01T13:10:02.829Z[39m [96mINFO[39m [97m@wdio/browserstack-service[39m resolveInstance: resolving instance for testFrameworkState=TestFrameworkState.TEST hookState=HookState.PRE
[90m2026-01-01T13:10:02.831Z[39m [96mINFO[39m [97m@wdio/browserstack-service[39m trackEvent: instanceData={"test_framework_name":"WebdriverIO-mocha","test_framework_version":"9.20.1","test_logs":[],"test_hooks_finished":{},"test_hooks_started":{},"test_uuid":"20da7ffc-357b-4d4d-b7b9-aa2293514403","test_result":"pending","test_hook_last_started":"TestFrameworkState.INIT_TEST"}
[90m2026-01-01T13:10:02.832Z[39m [96mINFO[39m [97m@wdio/browserstack-service[39m Hook Started in PRE key = TestFrameworkState.TEST & hook = {"key":"TestFrameworkState.TEST","hook_id":"","hook_result":"pending","event_started_at":"2026-01-01T13:10:02.832Z","hook_logs":[],"hook_name":"opens Contact Support and validates the Contact Support screen","test_file_path":"test/specs/android/menu/contact-support-inapp.spec.js","test_location":"test/specs/android/menu/contact-support-inapp.spec.js"}
[90m2026-01-01T13:10:02.832Z[39m [96mINFO[39m [97m@wdio/browserstack-service[39m trackHookEvents: hook state=TestFrameworkState.TEST.HookState.PRE, hooks started={}, hooks finished={}
[90m2026-01-01T13:10:02.832Z[39m [32mDEBUG[39m [97m@wdio/browserstack-service[39m trackEvent: tracked instance data={"test_framework_name":"WebdriverIO-mocha","test_framework_version":"9.20.1","test_logs":[],"test_hooks_finished":{},"test_hooks_started":{},"test_uuid":"20da7ffc-357b-4d4d-b7b9-aa2293514403","test_result":"pending","test_hook_last_started":"TestFrameworkState.TEST","test_id":"Menu – Contact Support (Web) - opens Contact Support and validates the Contact Support screen","test_name":"opens Contact Support and validates the Contact Support screen","test_code":"async () => {\n    const APP_PKG = 'com.rolleaseacmeda.automatepulse'\n    const CHROME_PKG = 'com.android.chrome'\n\n    // If Chrome is foreground, bring app back (safe guard)\n    if ((await driver.getCurrentPackage()) === CHROME_PKG) {\n      await driver.activateApp(APP_PKG)\n      await browser.pause(1000)\n    }\n\n    // ---------- WAIT FOR HOME TO SETTLE ----------\n    const homeHeaderMarker = await $(\n      'android=new UiSelector().description(\"sharedHeader.rightButton.button\")',\n    )\n    await homeHeaderMarker.waitForDisplayed({\n      timeout: 20000,\n      timeoutMsg: 'Home header marker not visible after login',\n    })\n\n    await browser.pause(7000)\n\n    // ---------- OPEN DRAWER (ONCE) ----------\n    const hamburgerButton = await $(\n      'android=new UiSelector().description(\"sharedHeader.menuButton.button\")',\n    )\n    await hamburgerButton.waitForDisplayed({\n      timeout: 15000,\n      timeoutMsg: 'Hamburger button not visible on main screen',\n    })\n    await hamburgerButton.click()\n\n    await browser.waitUntil(\n      async () => {\n        const supportCenterExists = await $(\n          'android=new UiSelector().description(\"sidebar.supportCenterCard.button\")',\n        )\n          .isDisplayed()\n          .catch(() => false)\n\n        const knowledgeBaseExists = await $(\n          'android=new UiSelector().description(\"sidebar.knowledgeBaseCard.button\")',\n        )\n          .isDisplayed()\n          .catch(() => false)\n\n        return supportCenterExists || knowledgeBaseExists\n      },\n      {\n        timeout: 15000,\n        interval: 400,\n        timeoutMsg: 'Drawer opened but content not ready',\n      },\n    )\n\n    // ---------- OPEN SUPPORT CENTER ----------\n    const supportCenterBtn = await $(\n      'android=new UiScrollable(new UiSelector().scrollable(true))' +\n        '.scrollIntoView(new UiSelector().description(\"sidebar.supportCenterCard.button\"))',\n    )\n    await supportCenterBtn.waitForDisplayed({\n      timeout: 10000,\n      timeoutMsg: 'Support Center not visible in drawer',\n    })\n    await supportCenterBtn.click()\n\n    // ✅ WAIT FOR SUPPORT CENTER CONTENT TO FINISH RENDERING\n    const supportChatBtn = await $(\n      'android=new UiSelector().description(\"sidebar.supportChatCard.button\")',\n    )\n    await supportChatBtn.waitForDisplayed({\n      timeout: 10000,\n      timeoutMsg: 'Support Center expanded but content not ready',\n    })\n\n    // ---------- NOW SAFE TO ACCESS CONTACT SUPPORT ----------\n    const contactSupportBtn = await $(\n      'android=new UiSelector().description(\"sidebar.contactSupportCard.button\")',\n    )\n    await contactSupportBtn.waitForDisplayed({\n      timeout: 10000,\n      timeoutMsg: 'Contact Support not visible after Support Center expanded',\n    })\n    await contactSupportBtn.click()\n\n    // ---------- ASSERT CONTACT SUPPORT SCREEN (IN-APP) ----------\n    const heading = await $('android=new UiSelector().text(\"How can we help?\")')\n    await heading.waitForDisplayed({\n      timeout: 15000,\n      timeoutMsg: '\"How can we help?\" not visible on Contact Support screen',\n    })\n    await expect(heading).toBeDisplayed()\n\n    const bodyText = await $(\n      'android=new UiSelector().text(\"Whether you have questions about a product, need technical support or anything else, our team is ready to support you.\")',\n    )\n    await bodyText.waitForDisplayed({\n      timeout: 15000,\n      timeoutMsg: 'Expected description text not visible on Contact Support screen',\n    })\n    await expect(bodyText).toBeDisplayed()\n\n    // ---------- GO BACK TO HOME ----------\n    const backBtn = await $(\n      'android=new UiSelector().description(\"sharedHeader.backButton.button\")',\n    )\n    await backBtn.waitForDisplayed({ timeout: 15000 })\n    await backBtn.click()\n\n    // ---------- FINAL SANITY ----------\n    const hamburgerAgain = await $(\n      'android=new UiSelector().description(\"sharedHeader.menuButton.button\")',\n    )\n    await hamburgerAgain.waitForDisplayed({\n      timeout: 15000,\n      timeoutMsg: 'Returned to home but hamburger not visible',\n    })\n    await expect(hamburgerAgain).toBeDisplayed()\n  }","test_file_path":"test/specs/android/menu/contact-support-inapp.spec.js","test_location":"test/specs/android/menu/contact-support-inapp.spec.js","test_scope":"Menu – Contact Support (Web) - opens Contact Support and validates the Contact Support screen","test_scopes":["Menu – Contact Support (Web)"],"test_started_at":"2026-01-01T13:10:02.831Z"}
[90m2026-01-01T13:10:02.832Z[39m [96mINFO[39m [97m@wdio/browserstack-service[39m runHooks: instance=[object Object] automationFrameworkState=TestFrameworkState.TEST hookState=HookState.PRE
[90m2026-01-01T13:10:02.832Z[39m [96mINFO[39m [97m@wdio/browserstack-service[39m onbeforeTest: inside automate module before test hook!
[90m2026-01-01T13:10:02.832Z[39m [32mDEBUG[39m [97m@wdio/browserstack-service[39m getTrackedInstance: 24078:0
[90m2026-01-01T13:10:02.832Z[39m [32mDEBUG[39m [97m@wdio/browserstack-service[39m onBeforeTest: Called after test hook from cli configured module!!!
[90m2026-01-01T13:10:02.832Z[39m [32mDEBUG[39m [97m@wdio/browserstack-service[39m getTrackedInstance: 24078:0
[90m2026-01-01T13:10:02.833Z[39m [32mDEBUG[39m [97m@wdio/browserstack-service[39m sendTestSessionEvent: Called
[90m2026-01-01T13:10:02.833Z[39m [32mDEBUG[39m [97m@wdio/browserstack-service[39m sendTestSessionEvent: setup
[90m2026-01-01T13:10:02.833Z[39m [32mDEBUG[39m [97m@wdio/browserstack-service[39m sendTestSessionEvent: instance iteration [{"frameworkName":"WebdriverIO","frameworkVersion":{"WebdriverIO":"9.20.1"},"state":{"value":1}}]
[90m2026-01-01T13:10:02.833Z[39m [32mDEBUG[39m [97m@wdio/browserstack-service[39m sendTestSessionEvent: automationSession: {"provider":"browserstack","ref":"671468f404d51ce435212d9ee83af23580773a14f97577b5147acc369d17426d","hubUrl":"https://hub-apse.browserstack.com/wd/hub","frameworkSessionId":"430e5617c1da7430de9212167350a11511061fab","frameworkName":"WebdriverIO","frameworkVersion":{"WebdriverIO":"9.20.1"}}
[90m2026-01-01T13:10:02.833Z[39m [32mDEBUG[39m [97m@wdio/browserstack-service[39m sendTestSessionEvent payload: {"testFrameworkName":"WebdriverIO-mocha","testFrameworkVersion":"9.20.1","testFrameworkState":"TEST","testHookState":"PRE","testUuid":"20da7ffc-357b-4d4d-b7b9-aa2293514403","executionContext":{"threadId":"0","processId":"24078"},"automationSessions":[{"provider":"browserstack","ref":"671468f404d51ce435212d9ee83af23580773a14f97577b5147acc369d17426d","hubUrl":"https://hub-apse.browserstack.com/wd/hub","frameworkSessionId":"430e5617c1da7430de9212167350a11511061fab","frameworkName":"WebdriverIO","frameworkVersion":{"WebdriverIO":"9.20.1"}}],"platformIndex":0,"capabilities":{"0":123,"1":34,"2":112,"3":108,"4":97,"5":116,"6":102,"7":111,"8":114,"9":109,"10":34,"11":58,"12":34,"13":76,"14":73,"15":78,"16":85,"17":88,"18":34,"19":44,"20":34,"21":119,"22":101,"23":98,"24":83,"25":116,"26":111,"27":114,"28":97,"29":103,"30":101,"31":69,"32":110,"33":97,"34":98,"35":108,"36":101,"37":100,"38":34,"39":58,"40":102,"41":97,"42":108,"43":115,"44":101,"45":44,"46":34,"47":116,"48":97,"49":107,"50":101,"51":115,"52":83,"53":99,"54":114,"55":101,"56":101,"57":110,"58":115,"59":104,"60":111,"61":116,"62":34,"63":58,"64":116,"65":114,"66":117,"67":101,"68":44,"69":34,"70":106,"71":97,"72":118,"73":97,"74":115,"75":99,"76":114,"77":105,"78":112,"79":116,"80":69,"81":110,"82":97,"83":98,"84":108,"85":101,"86":100,"87":34,"88":58,"89":116,"90":114,"91":117,"92":101,"93":44,"94":34,"95":100,"96":97,"97":116,"98":97,"99":98,"100":97,"101":115,"102":101,"103":69,"104":110,"105":97,"106":98,"107":108,"108":101,"109":100,"110":34,"111":58,"112":102,"113":97,"114":108,"115":115,"116":101,"117":44,"118":34,"119":110,"120":101,"121":116,"122":119,"123":111,"124":114,"125":107,"126":67,"127":111,"128":110,"129":110,"130":101,"131":99,"132":116,"133":105,"134":111,"135":110,"136":69,"137":110,"138":97,"139":98,"140":108,"141":101,"142":100,"143":34,"144":58,"145":116,"146":114,"147":117,"148":101,"149":44,"150":34,"151":108,"152":111,"153":99,"154":97,"155":116,"156":105,"157":111,"158":110,"159":67,"160":111,"161":110,"162":116,"163":101,"164":120,"165":116,"166":69,"167":110,"168":97,"169":98,"170":108,"171":101,"172":100,"173":34,"174":58,"175":102,"176":97,"177":108,"178":115,"179":101,"180":44,"181":34,"182":119,"183":97,"184":114,"185":110,"186":105,"187":110,"188":103,"189":115,"190":34,"191":58,"192":123,"193":125,"194":44,"195":34,"196":100,"197":101,"198":115,"199":105,"200":114,"201":101,"202":100,"203":34,"204":58,"205":123,"206":34,"207":112,"208":108,"209":97,"210":116,"211":102,"212":111,"213":114,"214":109,"215":78,"216":97,"217":109,"218":101,"219":34,"220":58,"221":34,"222":65,"223":110,"224":100,"225":114,"226":111,"227":105,"228":100,"229":34,"230":44,"231":34,"232":98,"233":115,"234":116,"235":97,"236":99,"237":107,"238":58,"239":111,"240":112,"241":116,"242":105,"243":111,"244":110,"245":115,"246":34,"247":58,"248":123,"249":34,"250":104,"251":111,"252":115,"253":116,"254":78,"255":97,"256":109,"257":101,"258":34,"259":58,"260":34,"261":109,"262":97,"263":99,"264":98,"265":111,"266":111,"267":107,"268":112,"269":114,"270":111,"271":46,"272":108,"273":97,"274":110,"275":34,"276":125,"277":44,"278":34,"279":103,"280":111,"281":111,"282":103,"283":58,"284":99,"285":104,"286":114,"287":111,"288":109,"289":101,"290":79,"291":112,"292":116,"293":105,"294":111,"295":110,"296":115,"297":34,"298":58,"299":123,"300":125,"301":44,"302":34,"303":110,"304":101,"305":119,"306":67,"307":111,"308":109,"309":109,"310":97,"311":110,"312":100,"313":84,"314":105,"315":109,"316":101,"317":111,"318":117,"319":116,"320":34,"321":58,"322":48,"323":44,"324":34,"325":100,"326":101,"327":118,"328":105,"329":99,"330":101,"331":78,"332":97,"333":109,"334":101,"335":34,"336":58,"337":34,"338":103,"339":111,"340":111,"341":103,"342":108,"343":101,"344":32,"345":112,"346":105,"347":120,"348":101,"349":108,"350":32,"351":55,"352":34,"353":44,"354":34,"355":99,"356":104,"357":114,"358":111,"359":109,"360":101,"361":100,"362":114,"363":105,"364":118,"365":101,"366":114,"367":80,"368":111,"369":114,"370":116,"371":115,"372":34,"373":58,"374":91,"375":91,"376":49,"377":56,"378":49,"379":49,"380":49,"381":44,"382":49,"383":56,"384":49,"385":50,"386":49,"387":93,"388":93,"389":44,"390":34,"391":99,"392":104,"393":114,"394":111,"395":109,"396":101,"397":100,"398":114,"399":105,"400":118,"401":101,"402":114,"403":65,"404":114,"405":103,"406":115,"407":34,"408":58,"409":91,"410":34,"411":45,"412":45,"413":97,"414":100,"415":98,"416":45,"417":112,"418":111,"419":114,"420":116,"421":61,"422":53,"423":48,"424":51,"425":56,"426":34,"427":93,"428":44,"429":34,"430":97,"431":117,"432":116,"433":111,"434":109,"435":97,"436":116,"437":105,"438":111,"439":110,"440":78,"441":97,"442":109,"443":101,"444":34,"445":58,"446":34,"447":117,"448":105,"449":97,"450":117,"451":116,"452":111,"453":109,"454":97,"455":116,"456":111,"457":114,"458":50,"459":34,"460":44,"461":34,"462":115,"463":121,"464":115,"465":116,"466":101,"467":109,"468":80,"469":111,"470":114,"471":116,"472":34,"473":58,"474":56,"475":50,"476":48,"477":49,"478":44,"479":34,"480":97,"481":117,"482":116,"483":111,"484":71,"485":114,"486":97,"487":110,"488":116,"489":80,"490":101,"491":114,"492":109,"493":105,"494":115,"495":115,"496":105,"497":111,"498":110,"499":115,"500":34,"501":58,"502":116,"503":114,"504":117,"505":101,"506":44,"507":34,"508":98,"509":117,"510":110,"511":100,"512":108,"513":101,"514":73,"515":68,"516":34,"517":58,"518":34,"519":99,"520":111,"521":109,"522":46,"523":114,"524":111,"525":108,"526":108,"527":101,"528":97,"529":115,"530":101,"531":97,"532":99,"533":109,"534":101,"535":100,"536":97,"537":46,"538":97,"539":117,"540":116,"541":111,"542":109,"543":97,"544":116,"545":101,"546":112,"547":117,"548":108,"549":115,"550":101,"551":34,"552":44,"553":34,"554":98,"555":117,"556":110,"557":100,"558":108,"559":101,"560":73,"561":100,"562":34,"563":58,"564":34,"565":99,"566":111,"567":109,"568":46,"569":114,"570":111,"571":108,"572":108,"573":101,"574":97,"575":115,"576":101,"577":97,"578":99,"579":109,"580":101,"581":100,"582":97,"583":46,"584":97,"585":117,"586":116,"587":111,"588":109,"589":97,"590":116,"591":101,"592":112,"593":117,"594":108,"595":115,"596":101,"597":34,"598":44,"599":34,"600":115,"601":107,"602":105,"603":112,"604":83,"605":101,"606":114,"607":118,"608":101,"609":114,"610":73,"611":110,"612":115,"613":116,"614":97,"615":108,"616":108,"617":97,"618":116,"619":105,"620":111,"621":110,"622":34,"623":58,"624":116,"625":114,"626":117,"627":101,"628":44,"629":34,"630":117,"631":100,"632":105,"633":100,"634":34,"635":58,"636":34,"637":50,"638":56,"639":49,"640":50,"641":49,"642":70,"643":68,"644":72,"645":50,"646":48,"647":48,"648":71,"649":81,"650":77,"651":34,"652":44,"653":34,"654":97,"655":112,"656":112,"657":80,"658":97,"659":99,"660":107,"661":97,"662":103,"663":101,"664":34,"665":58,"666":34,"667":99,"668":111,"669":109,"670":46,"671":114,"672":111,"673":108,"674":108,"675":101,"676":97,"677":115,"678":101,"679":97,"680":99,"681":109,"682":101,"683":100,"684":97,"685":46,"686":97,"687":117,"688":116,"689":111,"690":109,"691":97,"692":116,"693":101,"694":112,"695":117,"696":108,"697":115,"698":101,"699":34,"700":44,"701":34,"702":97,"703":112,"704":112,"705":65,"706":99,"707":116,"708":105,"709":118,"710":105,"711":116,"712":121,"713":34,"714":58,"715":34,"716":99,"717":111,"718":109,"719":46,"720":114,"721":111,"722":108,"723":108,"724":101,"725":97,"726":115,"727":101,"728":97,"729":99,"730":109,"731":101,"732":100,"733":97,"734":46,"735":97,"736":117,"737":116,"738":111,"739":109,"740":97,"741":116,"742":101,"743":112,"744":117,"745":108,"746":115,"747":101,"748":46,"749":83,"750":112,"751":108,"752":97,"753":115,"754":104,"755":65,"756":99,"757":116,"758":105,"759":118,"760":105,"761":116,"762":121,"763":34,"764":44,"765":34,"766":110,"767":97,"768":116,"769":105,"770":118,"771":101,"772":87,"773":101,"774":98,"775":83,"776":99,"777":114,"778":101,"779":101,"780":110,"781":115,"782":104,"783":111,"784":116,"785":34,"786":58,"787":116,"788":114,"789":117,"790":101,"791":44,"792":34,"793":100,"794":105,"795":115,"796":97,"797":98,"798":108,"799":101,"800":83,"801":117,"802":112,"803":112,"804":114,"805":101,"806":115,"807":115,"808":65,"809":99,"810":99,"811":101,"812":115,"813":115,"814":105,"815":98,"816":105,"817":108,"818":105,"819":116,"820":121,"821":83,"822":101,"823":114,"824":118,"825":105,"826":99,"827":101,"828":34,"829":58,"830":116,"831":114,"832":117,"833":101,"834":125,"835":44,"836":34,"837":112,"838":108,"839":97,"840":116,"841":102,"842":111,"843":114,"844":109,"845":78,"846":97,"847":109,"848":101,"849":34,"850":58,"851":34,"852":65,"853":110,"854":100,"855":114,"856":111,"857":105,"858":100,"859":34,"860":44,"861":34,"862":98,"863":115,"864":116,"865":97,"866":99,"867":107,"868":58,"869":111,"870":112,"871":116,"872":105,"873":111,"874":110,"875":115,"876":34,"877":58,"878":123,"879":34,"880":104,"881":111,"882":115,"883":116,"884":78,"885":97,"886":109,"887":101,"888":34,"889":58,"890":34,"891":109,"892":97,"893":99,"894":98,"895":111,"896":111,"897":107,"898":112,"899":114,"900":111,"901":46,"902":108,"903":97,"904":110,"905":34,"906":125,"907":44,"908":34,"909":103,"910":111,"911":111,"912":103,"913":58,"914":99,"915":104,"916":114,"917":111,"918":109,"919":101,"920":79,"921":112,"922":116,"923":105,"924":111,"925":110,"926":115,"927":34,"928":58,"929":123,"930":125,"931":44,"932":34,"933":110,"934":101,"935":119,"936":67,"937":111,"938":109,"939":109,"940":97,"941":110,"942":100,"943":84,"944":105,"945":109,"946":101,"947":111,"948":117,"949":116,"950":34,"951":58,"952":48,"953":44,"954":34,"955":100,"956":101,"957":118,"958":105,"959":99,"960":101,"961":78,"962":97,"963":109,"964":101,"965":34,"966":58,"967":34,"968":50,"969":56,"970":49,"971":50,"972":49,"973":70,"974":68,"975":72,"976":50,"977":48,"978":48,"979":71,"980":81,"981":77,"982":34,"983":44,"984":34,"985":99,"986":104,"987":114,"988":111,"989":109,"990":101,"991":100,"992":114,"993":105,"994":118,"995":101,"996":114,"997":80,"998":111,"999":114,"1000":116,"1001":115,"1002":34,"1003":58,"1004":91,"1005":91,"1006":49,"1007":56,"1008":49,"1009":49,"1010":49,"1011":44,"1012":49,"1013":56,"1014":49,"1015":50,"1016":49,"1017":93,"1018":93,"1019":44,"1020":34,"1021":99,"1022":104,"1023":114,"1024":111,"1025":109,"1026":101,"1027":100,"1028":114,"1029":105,"1030":118,"1031":101,"1032":114,"1033":65,"1034":114,"1035":103,"1036":115,"1037":34,"1038":58,"1039":91,"1040":34,"1041":45,"1042":45,"1043":97,"1044":100,"1045":98,"1046":45,"1047":112,"1048":111,"1049":114,"1050":116,"1051":61,"1052":53,"1053":48,"1054":51,"1055":56,"1056":34,"1057":93,"1058":44,"1059":34,"1060":97,"1061":117,"1062":116,"1063":111,"1064":109,"1065":97,"1066":116,"1067":105,"1068":111,"1069":110,"1070":78,"1071":97,"1072":109,"1073":101,"1074":34,"1075":58,"1076":34,"1077":117,"1078":105,"1079":97,"1080":117,"1081":116,"1082":111,"1083":109,"1084":97,"1085":116,"1086":111,"1087":114,"1088":50,"1089":34,"1090":44,"1091":34,"1092":115,"1093":121,"1094":115,"1095":116,"1096":101,"1097":109,"1098":80,"1099":111,"1100":114,"1101":116,"1102":34,"1103":58,"1104":56,"1105":50,"1106":48,"1107":49,"1108":44,"1109":34,"1110":97,"1111":117,"1112":116,"1113":111,"1114":71,"1115":114,"1116":97,"1117":110,"1118":116,"1119":80,"1120":101,"1121":114,"1122":109,"1123":105,"1124":115,"1125":115,"1126":105,"1127":111,"1128":110,"1129":115,"1130":34,"1131":58,"1132":116,"1133":114,"1134":117,"1135":101,"1136":44,"1137":34,"1138":98,"1139":117,"1140":110,"1141":100,"1142":108,"1143":101,"1144":73,"1145":68,"1146":34,"1147":58,"1148":34,"1149":99,"1150":111,"1151":109,"1152":46,"1153":114,"1154":111,"1155":108,"1156":108,"1157":101,"1158":97,"1159":115,"1160":101,"1161":97,"1162":99,"1163":109,"1164":101,"1165":100,"1166":97,"1167":46,"1168":97,"1169":117,"1170":116,"1171":111,"1172":109,"1173":97,"1174":116,"1175":101,"1176":112,"1177":117,"1178":108,"1179":115,"1180":101,"1181":34,"1182":44,"1183":34,"1184":98,"1185":117,"1186":110,"1187":100,"1188":108,"1189":101,"1190":73,"1191":100,"1192":34,"1193":58,"1194":34,"1195":99,"1196":111,"1197":109,"1198":46,"1199":114,"1200":111,"1201":108,"1202":108,"1203":101,"1204":97,"1205":115,"1206":101,"1207":97,"1208":99,"1209":109,"1210":101,"1211":100,"1212":97,"1213":46,"1214":97,"1215":117,"1216":116,"1217":111,"1218":109,"1219":97,"1220":116,"1221":101,"1222":112,"1223":117,"1224":108,"1225":115,"1226":101,"1227":34,"1228":44,"1229":34,"1230":115,"1231":107,"1232":105,"1233":112,"1234":83,"1235":101,"1236":114,"1237":118,"1238":101,"1239":114,"1240":73,"1241":110,"1242":115,"1243":116,"1244":97,"1245":108,"1246":108,"1247":97,"1248":116,"1249":105,"1250":111,"1251":110,"1252":34,"1253":58,"1254":116,"1255":114,"1256":117,"1257":101,"1258":44,"1259":34,"1260":117,"1261":100,"1262":105,"1263":100,"1264":34,"1265":58,"1266":34,"1267":50,"1268":56,"1269":49,"1270":50,"1271":49,"1272":70,"1273":68,"1274":72,"1275":50,"1276":48,"1277":48,"1278":71,"1279":81,"1280":77,"1281":34,"1282":44,"1283":34,"1284":97,"1285":112,"1286":112,"1287":80,"1288":97,"1289":99,"1290":107,"1291":97,"1292":103,"1293":101,"1294":34,"1295":58,"1296":34,"1297":99,"1298":111,"1299":109,"1300":46,"1301":114,"1302":111,"1303":108,"1304":108,"1305":101,"1306":97,"1307":115,"1308":101,"1309":97,"1310":99,"1311":109,"1312":101,"1313":100,"1314":97,"1315":46,"1316":97,"1317":117,"1318":116,"1319":111,"1320":109,"1321":97,"1322":116,"1323":101,"1324":112,"1325":117,"1326":108,"1327":115,"1328":101,"1329":34,"1330":44,"1331":34,"1332":97,"1333":112,"1334":112,"1335":65,"1336":99,"1337":116,"1338":105,"1339":118,"1340":105,"1341":116,"1342":121,"1343":34,"1344":58,"1345":34,"1346":99,"1347":111,"1348":109,"1349":46,"1350":114,"1351":111,"1352":108,"1353":108,"1354":101,"1355":97,"1356":115,"1357":101,"1358":97,"1359":99,"1360":109,"1361":101,"1362":100,"1363":97,"1364":46,"1365":97,"1366":117,"1367":116,"1368":111,"1369":109,"1370":97,"1371":116,"1372":101,"1373":112,"1374":117,"1375":108,"1376":115,"1377":101,"1378":46,"1379":83,"1380":112,"1381":108,"1382":97,"1383":115,"1384":104,"1385":65,"1386":99,"1387":116,"1388":105,"1389":118,"1390":105,"1391":116,"1392":121,"1393":34,"1394":44,"1395":34,"1396":110,"1397":97,"1398":116,"1399":105,"1400":118,"1401":101,"1402":87,"1403":101,"1404":98,"1405":83,"1406":99,"1407":114,"1408":101,"1409":101,"1410":110,"1411":115,"1412":104,"1413":111,"1414":116,"1415":34,"1416":58,"1417":116,"1418":114,"1419":117,"1420":101,"1421":44,"1422":34,"1423":100,"1424":105,"1425":115,"1426":97,"1427":98,"1428":108,"1429":101,"1430":83,"1431":117,"1432":112,"1433":112,"1434":114,"1435":101,"1436":115,"1437":115,"1438":65,"1439":99,"1440":99,"1441":101,"1442":115,"1443":115,"1444":105,"1445":98,"1446":105,"1447":108,"1448":105,"1449":116,"1450":121,"1451":83,"1452":101,"1453":114,"1454":118,"1455":105,"1456":99,"1457":101,"1458":34,"1459":58,"1460":116,"1461":114,"1462":117,"1463":101,"1464":44,"1465":34,"1466":100,"1467":101,"1468":118,"1469":105,"1470":99,"1471":101,"1472":85,"1473":68,"1474":73,"1475":68,"1476":34,"1477":58,"1478":34,"1479":50,"1480":56,"1481":49,"1482":50,"1483":49,"1484":70,"1485":68,"1486":72,"1487":50,"1488":48,"1489":48,"1490":71,"1491":81,"1492":77,"1493":34,"1494":44,"1495":34,"1496":100,"1497":101,"1498":118,"1499":105,"1500":99,"1501":101,"1502":65,"1503":112,"1504":105,"1505":76,"1506":101,"1507":118,"1508":101,"1509":108,"1510":34,"1511":58,"1512":51,"1513":51,"1514":44,"1515":34,"1516":112,"1517":108,"1518":97,"1519":116,"1520":102,"1521":111,"1522":114,"1523":109,"1524":86,"1525":101,"1526":114,"1527":115,"1528":105,"1529":111,"1530":110,"1531":34,"1532":58,"1533":34,"1534":49,"1535":51,"1536":34,"1537":44,"1538":34,"1539":100,"1540":101,"1541":118,"1542":105,"1543":99,"1544":101,"1545":83,"1546":99,"1547":114,"1548":101,"1549":101,"1550":110,"1551":83,"1552":105,"1553":122,"1554":101,"1555":34,"1556":58,"1557":34,"1558":49,"1559":48,"1560":56,"1561":48,"1562":120,"1563":50,"1564":52,"1565":48,"1566":48,"1567":34,"1568":44,"1569":34,"1570":100,"1571":101,"1572":118,"1573":105,"1574":99,"1575":101,"1576":83,"1577":99,"1578":114,"1579":101,"1580":101,"1581":110,"1582":68,"1583":101,"1584":110,"1585":115,"1586":105,"1587":116,"1588":121,"1589":34,"1590":58,"1591":52,"1592":50,"1593":48,"1594":44,"1595":34,"1596":100,"1597":101,"1598":118,"1599":105,"1600":99,"1601":101,"1602":77,"1603":111,"1604":100,"1605":101,"1606":108,"1607":34,"1608":58,"1609":34,"1610":80,"1611":105,"1612":120,"1613":101,"1614":108,"1615":32,"1616":55,"1617":34,"1618":44,"1619":34,"1620":100,"1621":101,"1622":118,"1623":105,"1624":99,"1625":101,"1626":77,"1627":97,"1628":110,"1629":117,"1630":102,"1631":97,"1632":99,"1633":116,"1634":117,"1635":114,"1636":101,"1637":114,"1638":34,"1639":58,"1640":34,"1641":71,"1642":111,"1643":111,"1644":103,"1645":108,"1646":101,"1647":34,"1648":44,"1649":34,"1650":112,"1651":105,"1652":120,"1653":101,"1654":108,"1655":82,"1656":97,"1657":116,"1658":105,"1659":111,"1660":34,"1661":58,"1662":50,"1663":46,"1664":54,"1665":50,"1666":53,"1667":44,"1668":34,"1669":115,"1670":116,"1671":97,"1672":116,"1673":66,"1674":97,"1675":114,"1676":72,"1677":101,"1678":105,"1679":103,"1680":104,"1681":116,"1682":34,"1683":58,"1684":49,"1685":49,"1686":56,"1687":44,"1688":34,"1689":118,"1690":105,"1691":101,"1692":119,"1693":112,"1694":111,"1695":114,"1696":116,"1697":82,"1698":101,"1699":99,"1700":116,"1701":34,"1702":58,"1703":123,"1704":34,"1705":108,"1706":101,"1707":102,"1708":116,"1709":34,"1710":58,"1711":48,"1712":44,"1713":34,"1714":116,"1715":111,"1716":112,"1717":34,"1718":58,"1719":49,"1720":49,"1721":56,"1722":44,"1723":34,"1724":119,"1725":105,"1726":100,"1727":116,"1728":104,"1729":34,"1730":58,"1731":49,"1732":48,"1733":56,"1734":48,"1735":44,"1736":34,"1737":104,"1738":101,"1739":105,"1740":103,"1741":104,"1742":116,"1743":34,"1744":58,"1745":50,"1746":49,"1747":48,"1748":49,"1749":125,"1750":125}}
[90m2026-01-01T13:10:02.833Z[39m [96mINFO[39m [97m@wdio/browserstack-service[39m Sending TestSessionEvent
[90m2026-01-01T13:10:02.834Z[39m [32mDEBUG[39m [97m@wdio/browserstack-service[39m onAllTestEvents: Called after all test events from cli configured module!!!
[90m2026-01-01T13:10:02.834Z[39m [32mDEBUG[39m [97m@wdio/browserstack-service[39m sendTestFrameworkEvent for testState: TEST hookState: PRE
[90m2026-01-01T13:10:02.835Z[39m [32mDEBUG[39m [97m@wdio/browserstack-service[39m sendTestFrameworkEvent payload: {"platformIndex":0,"testFrameworkName":"WebdriverIO-mocha","testFrameworkVersion":"9.20.1","testFrameworkState":"TEST","testHookState":"PRE","startedAt":"2026-01-01T13:10:02.831Z","endedAt":"","uuid":"20da7ffc-357b-4d4d-b7b9-aa2293514403","eventJson":{"type":"Buffer","data":[123,34,116,101,115,116,95,102,114,97,109,101,119,111,114,107,95,110,97,109,101,34,58,34,87,101,98,100,114,105,118,101,114,73,79,45,109,111,99,104,97,34,44,34,116,101,115,116,95,102,114,97,109,101,119,111,114,107,95,118,101,114,115,105,111,110,34,58,34,57,46,50,48,46,49,34,44,34,116,101,115,116,95,108,111,103,115,34,58,91,93,44,34,116,101,115,116,95,104,111,111,107,115,95,102,105,110,105,115,104,101,100,34,58,123,125,44,34,116,101,115,116,95,104,111,111,107,115,95,115,116,97,114,116,101,100,34,58,123,125,44,34,116,101,115,116,95,117,117,105,100,34,58,34,50,48,100,97,55,102,102,99,45,51,53,55,98,45,52,100,52,100,45,98,55,98,57,45,97,97,50,50,57,51,53,49,52,52,48,51,34,44,34,116,101,115,116,95,114,101,115,117,108,116,34,58,34,112,101,110,100,105,110,103,34,44,34,116,101,115,116,95,104,111,111,107,95,108,97,115,116,95,115,116,97,114,116,101,100,34,58,34,84,101,115,116,70,114,97,109,101,119,111,114,107,83,116,97,116,101,46,84,69,83,84,34,44,34,116,101,115,116,95,105,100,34,58,34,77,101,110,117,32,226,128,147,32,67,111,110,116,97,99,116,32,83,117,112,112,111,114,116,32,40,87,101,98,41,32,45,32,111,112,101,110,115,32,67,111,110,116,97,99,116,32,83,117,112,112,111,114,116,32,97,110,100,32,118,97,108,105,100,97,116,101,115,32,116,104,101,32,67,111,110,116,97,99,116,32,83,117,112,112,111,114,116,32,115,99,114,101,101,110,34,44,34,116,101,115,116,95,110,97,109,101,34,58,34,111,112,101,110,115,32,67,111,110,116,97,99,116,32,83,117,112,112,111,114,116,32,97,110,100,32,118,97,108,105,100,97,116,101,115,32,116,104,101,32,67,111,110,116,97,99,116,32,83,117,112,112,111,114,116,32,115,99,114,101,101,110,34,44,34,116,101,115,116,95,99,111,100,101,34,58,34,97,115,121,110,99,32,40,41,32,61,62,32,123,92,110,32,32,32,32,99,111,110,115,116,32,65,80,80,95,80,75,71,32,61,32,39,99,111,109,46,114,111,108,108,101,97,115,101,97,99,109,101,100,97,46,97,117,116,111,109,97,116,101,112,117,108,115,101,39,92,110,32,32,32,32,99,111,110,115,116,32,67,72,82,79,77,69,95,80,75,71,32,61,32,39,99,111,109,46,97,110,100,114,111,105,100,46,99,104,114,111,109,101,39,92,110,92,110,32,32,32,32,47,47,32,73,102,32,67,104,114,111,109,101,32,105,115,32,102,111,114,101,103,114,111,117,110,100,44,32,98,114,105,110,103,32,97,112,112,32,98,97,99,107,32,40,115,97,102,101,32,103,117,97,114,100,41,92,110,32,32,32,32,105,102,32,40,40,97,119,97,105,116,32,100,114,105,118,101,114,46,103,101,116,67,117,114,114,101,110,116,80,97,99,107,97,103,101,40,41,41,32,61,61,61,32,67,72,82,79,77,69,95,80,75,71,41,32,123,92,110,32,32,32,32,32,32,97,119,97,105,116,32,100,114,105,118,101,114,46,97,99,116,105,118,97,116,101,65,112,112,40,65,80,80,95,80,75,71,41,92,110,32,32,32,32,32,32,97,119,97,105,116,32,98,114,111,119,115,101,114,46,112,97,117,115,101,40,49,48,48,48,41,92,110,32,32,32,32,125,92,110,92,110,32,32,32,32,47,47,32,45,45,45,45,45,45,45,45,45,45,32,87,65,73,84,32,70,79,82,32,72,79,77,69,32,84,79,32,83,69,84,84,76,69,32,45,45,45,45,45,45,45,45,45,45,92,110,32,32,32,32,99,111,110,115,116,32,104,111,109,101,72,101,97,100,101,114,77,97,114,107,101,114,32,61,32,97,119,97,105,116,32,36,40,92,110,32,32,32,32,32,32,39,97,110,100,114,111,105,100,61,110,101,119,32,85,105,83,101,108,101,99,116,111,114,40,41,46,100,101,115,99,114,105,112,116,105,111,110,40,92,34,115,104,97,114,101,100,72,101,97,100,101,114,46,114,105,103,104,116,66,117,116,116,111,110,46,98,117,116,116,111,110,92,34,41,39,44,92,110,32,32,32,32,41,92,110,32,32,32,32,97,119,97,105,116,32,104,111,109,101,72,101,97,100,101,114,77,97,114,107,101,114,46,119,97,105,116,70,111,114,68,105,115,112,108,97,121,101,100,40,123,92,110,32,32,32,32,32,32,116,105,109,101,111,117,116,58,32,50,48,48,48,48,44,92,110,32,32,32,32,32,32,116,105,109,101,111,117,116,77,115,103,58,32,39,72,111,109,101,32,104,101,97,100,101,114,32,109,97,114,107,101,114,32,110,111,116,32,118,105,115,105,98,108,101,32,97,102,116,101,114,32,108,111,103,105,110,39,44,92,110,32,32,32,32,125,41,92,110,92,110,32,32,32,32,97,119,97,105,116,32,98,114,111,119,115,101,114,46,112,97,117,115,101,40,55,48,48,48,41,92,110,92,110,32,32,32,32,47,47,32,45,45,45,45,45,45,45,45,45,45,32,79,80,69,78,32,68,82,65,87,69,82,32,40,79,78,67,69,41,32,45,45,45,45,45,45,45,45,45,45,92,110,32,32,32,32,99,111,110,115,116,32,104,97,109,98,117,114,103,101,114,66,117,116,116,111,110,32,61,32,97,119,97,105,116,32,36,40,92,110,32,32,32,32,32,32,39,97,110,100,114,111,105,100,61,110,101,119,32,85,105,83,101,108,101,99,116,111,114,40,41,46,100,101,115,99,114,105,112,116,105,111,110,40,92,34,115,104,97,114,101,100,72,101,97,100,101,114,46,109,101,110,117,66,117,116,116,111,110,46,98,117,116,116,111,110,92,34,41,39,44,92,110,32,32,32,32,41,92,110,32,32,32,32,97,119,97,105,116,32,104,97,109,98,117,114,103,101,114,66,117,116,116,111,110,46,119,97,105,116,70,111,114,68,105,115,112,108,97,121,101,100,40,123,92,110,32,32,32,32,32,32,116,105,109,101,111,117,116,58,32,49,53,48,48,48,44,92,110,32,32,32,32,32,32,116,105,109,101,111,117,116,77,115,103,58,32,39,72,97,109,98,117,114,103,101,114,32,98,117,116,116,111,110,32,110,111,116,32,118,105,115,105,98,108,101,32,111,110,32,109,97,105,110,32,115,99,114,101,101,110,39,44,92,110,32,32,32,32,125,41,92,110,32,32,32,32,97,119,97,105,116,32,104,97,109,98,117,114,103,101,114,66,117,116,116,111,110,46,99,108,105,99,107,40,41,92,110,92,110,32,32,32,32,97,119,97,105,116,32,98,114,111,119,115,101,114,46,119,97,105,116,85,110,116,105,108,40,92,110,32,32,32,32,32,32,97,115,121,110,99,32,40,41,32,61,62,32,123,92,110,32,32,32,32,32,32,32,32,99,111,110,115,116,32,115,117,112,112,111,114,116,67,101,110,116,101,114,69,120,105,115,116,115,32,61,32,97,119,97,105,116,32,36,40,92,110,32,32,32,32,32,32,32,32,32,32,39,97,110,100,114,111,105,100,61,110,101,119,32,85,105,83,101,108,101,99,116,111,114,40,41,46,100,101,115,99,114,105,112,116,105,111,110,40,92,34,115,105,100,101,98,97,114,46,115,117,112,112,111,114,116,67,101,110,116,101,114,67,97,114,100,46,98,117,116,116,111,110,92,34,41,39,44,92,110,32,32,32,32,32,32,32,32,41,92,110,32,32,32,32,32,32,32,32,32,32,46,105,115,68,105,115,112,108,97,121,101,100,40,41,92,110,32,32,32,32,32,32,32,32,32,32,46,99,97,116,99,104,40,40,41,32,61,62,32,102,97,108,115,101,41,92,110,92,110,32,32,32,32,32,32,32,32,99,111,110,115,116,32,107,110,111,119,108,101,100,103,101,66,97,115,101,69,120,105,115,116,115,32,61,32,97,119,97,105,116,32,36,40,92,110,32,32,32,32,32,32,32,32,32,32,39,97,110,100,114,111,105,100,61,110,101,119,32,85,105,83,101,108,101,99,116,111,114,40,41,46,100,101,115,99,114,105,112,116,105,111,110,40,92,34,115,105,100,101,98,97,114,46,107,110,111,119,108,101,100,103,101,66,97,115,101,67,97,114,100,46,98,117,116,116,111,110,92,34,41,39,44,92,110,32,32,32,32,32,32,32,32,41,92,110,32,32,32,32,32,32,32,32,32,32,46,105,115,68,105,115,112,108,97,121,101,100,40,41,92,110,32,32,32,32,32,32,32,32,32,32,46,99,97,116,99,104,40,40,41,32,61,62,32,102,97,108,115,101,41,92,110,92,110,32,32,32,32,32,32,32,32,114,101,116,117,114,110,32,115,117,112,112,111,114,116,67,101,110,116,101,114,69,120,105,115,116,115,32,124,124,32,107,110,111,119,108,101,100,103,101,66,97,115,101,69,120,105,115,116,115,92,110,32,32,32,32,32,32,125,44,92,110,32,32,32,32,32,32,123,92,110,32,32,32,32,32,32,32,32,116,105,109,101,111,117,116,58,32,49,53,48,48,48,44,92,110,32,32,32,32,32,32,32,32,105,110,116,101,114,118,97,108,58,32,52,48,48,44,92,110,32,32,32,32,32,32,32,32,116,105,109,101,111,117,116,77,115,103,58,32,39,68,114,97,119,101,114,32,111,112,101,110,101,100,32,98,117,116,32,99,111,110,116,101,110,116,32,110,111,116,32,114,101,97,100,121,39,44,92,110,32,32,32,32,32,32,125,44,92,110,32,32,32,32,41,92,110,92,110,32,32,32,32,47,47,32,45,45,45,45,45,45,45,45,45,45,32,79,80,69,78,32,83,85,80,80,79,82,84,32,67,69,78,84,69,82,32,45,45,45,45,45,45,45,45,45,45,92,110,32,32,32,32,99,111,110,115,116,32,115,117,112,112,111,114,116,67,101,110,116,101,114,66,116,110,32,61,32,97,119,97,105,116,32,36,40,92,110,32,32,32,32,32,32,39,97,110,100,114,111,105,100,61,110,101,119,32,85,105,83,99,114,111,108,108,97,98,108,101,40,110,101,119,32,85,105,83,101,108,101,99,116,111,114,40,41,46,115,99,114,111,108,108,97,98,108,101,40,116,114,117,101,41,41,39,32,43,92,110,32,32,32,32,32,32,32,32,39,46,115,99,114,111,108,108,73,110,116,111,86,105,101,119,40,110,101,119,32,85,105,83,101,108,101,99,116,111,114,40,41,46,100,101,115,99,114,105,112,116,105,111,110,40,92,34,115,105,100,101,98,97,114,46,115,117,112,112,111,114,116,67,101,110,116,101,114,67,97,114,100,46,98,117,116,116,111,110,92,34,41,41,39,44,92,110,32,32,32,32,41,92,110,32,32,32,32,97,119,97,105,116,32,115,117,112,112,111,114,116,67,101,110,116,101,114,66,116,110,46,119,97,105,116,70,111,114,68,105,115,112,108,97,121,101,100,40,123,92,110,32,32,32,32,32,32,116,105,109,101,111,117,116,58,32,49,48,48,48,48,44,92,110,32,32,32,32,32,32,116,105,109,101,111,117,116,77,115,103,58,32,39,83,117,112,112,111,114,116,32,67,101,110,116,101,114,32,110,111,116,32,118,105,115,105,98,108,101,32,105,110,32,100,114,97,119,101,114,39,44,92,110,32,32,32,32,125,41,92,110,32,32,32,32,97,119,97,105,116,32,115,117,112,112,111,114,116,67,101,110,116,101,114,66,116,110,46,99,108,105,99,107,40,41,92,110,92,110,32,32,32,32,47,47,32,226,156,133,32,87,65,73,84,32,70,79,82,32,83,85,80,80,79,82,84,32,67,69,78,84,69,82,32,67,79,78,84,69,78,84,32,84,79,32,70,73,78,73,83,72,32,82,69,78,68,69,82,73,78,71,92,110,32,32,32,32,99,111,110,115,116,32,115,117,112,112,111,114,116,67,104,97,116,66,116,110,32,61,32,97,119,97,105,116,32,36,40,92,110,32,32,32,32,32,32,39,97,110,100,114,111,105,100,61,110,101,119,32,85,105,83,101,108,101,99,116,111,114,40,41,46,100,101,115,99,114,105,112,116,105,111,110,40,92,34,115,105,100,101,98,97,114,46,115,117,112,112,111,114,116,67,104,97,116,67,97,114,100,46,98,117,116,116,111,110,92,34,41,39,44,92,110,32,32,32,32,41,92,110,32,32,32,32,97,119,97,105,116,32,115,117,112,112,111,114,116,67,104,97,116,66,116,110,46,119,97,105,116,70,111,114,68,105,115,112,108,97,121,101,100,40,123,92,110,32,32,32,32,32,32,116,105,109,101,111,117,116,58,32,49,48,48,48,48,44,92,110,32,32,32,32,32,32,116,105,109,101,111,117,116,77,115,103,58,32,39,83,117,112,112,111,114,116,32,67,101,110,116,101,114,32,101,120,112,97,110,100,101,100,32,98,117,116,32,99,111,110,116,101,110,116,32,110,111,116,32,114,101,97,100,121,39,44,92,110,32,32,32,32,125,41,92,110,92,110,32,32,32,32,47,47,32,45,45,45,45,45,45,45,45,45,45,32,78,79,87,32,83,65,70,69,32,84,79,32,65,67,67,69,83,83,32,67,79,78,84,65,67,84,32,83,85,80,80,79,82,84,32,45,45,45,45,45,45,45,45,45,45,92,110,32,32,32,32,99,111,110,115,116,32,99,111,110,116,97,99,116,83,117,112,112,111,114,116,66,116,110,32,61,32,97,119,97,105,116,32,36,40,92,110,32,32,32,32,32,32,39,97,110,100,114,111,105,100,61,110,101,119,32,85,105,83,101,108,101,99,116,111,114,40,41,46,100,101,115,99,114,105,112,116,105,111,110,40,92,34,115,105,100,101,98,97,114,46,99,111,110,116,97,99,116,83,117,112,112,111,114,116,67,97,114,100,46,98,117,116,116,111,110,92,34,41,39,44,92,110,32,32,32,32,41,92,110,32,32,32,32,97,119,97,105,116,32,99,111,110,116,97,99,116,83,117,112,112,111,114,116,66,116,110,46,119,97,105,116,70,111,114,68,105,115,112,108,97,121,101,100,40,123,92,110,32,32,32,32,32,32,116,105,109,101,111,117,116,58,32,49,48,48,48,48,44,92,110,32,32,32,32,32,32,116,105,109,101,111,117,116,77,115,103,58,32,39,67,111,110,116,97,99,116,32,83,117,112,112,111,114,116,32,110,111,116,32,118,105,115,105,98,108,101,32,97,102,116,101,114,32,83,117,112,112,111,114,116,32,67,101,110,116,101,114,32,101,120,112,97,110,100,101,100,39,44,92,110,32,32,32,32,125,41,92,110,32,32,32,32,97,119,97,105,116,32,99,111,110,116,97,99,116,83,117,112,112,111,114,116,66,116,110,46,99,108,105,99,107,40,41,92,110,92,110,32,32,32,32,47,47,32,45,45,45,45,45,45,45,45,45,45,32,65,83,83,69,82,84,32,67,79,78,84,65,67,84,32,83,85,80,80,79,82,84,32,83,67,82,69,69,78,32,40,73,78,45,65,80,80,41,32,45,45,45,45,45,45,45,45,45,45,92,110,32,32,32,32,99,111,110,115,116,32,104,101,97,100,105,110,103,32,61,32,97,119,97,105,116,32,36,40,39,97,110,100,114,111,105,100,61,110,101,119,32,85,105,83,101,108,101,99,116,111,114,40,41,46,116,101,120,116,40,92,34,72,111,119,32,99,97,110,32,119,101,32,104,101,108,112,63,92,34,41,39,41,92,110,32,32,32,32,97,119,97,105,116,32,104,101,97,100,105,110,103,46,119,97,105,116,70,111,114,68,105,115,112,108,97,121,101,100,40,123,92,110,32,32,32,32,32,32,116,105,109,101,111,117,116,58,32,49,53,48,48,48,44,92,110,32,32,32,32,32,32,116,105,109,101,111,117,116,77,115,103,58,32,39,92,34,72,111,119,32,99,97,110,32,119,101,32,104,101,108,112,63,92,34,32,110,111,116,32,118,105,115,105,98,108,101,32,111,110,32,67,111,110,116,97,99,116,32,83,117,112,112,111,114,116,32,115,99,114,101,101,110,39,44,92,110,32,32,32,32,125,41,92,110,32,32,32,32,97,119,97,105,116,32,101,120,112,101,99,116,40,104,101,97,100,105,110,103,41,46,116,111,66,101,68,105,115,112,108,97,121,101,100,40,41,92,110,92,110,32,32,32,32,99,111,110,115,116,32,98,111,100,121,84,101,120,116,32,61,32,97,119,97,105,116,32,36,40,92,110,32,32,32,32,32,32,39,97,110,100,114,111,105,100,61,110,101,119,32,85,105,83,101,108,101,99,116,111,114,40,41,46,116,101,120,116,40,92,34,87,104,101,116,104,101,114,32,121,111,117,32,104,97,118,101,32,113,117,101,115,116,105,111,110,115,32,97,98,111,117,116,32,97,32,112,114,111,100,117,99,116,44,32,110,101,101,100,32,116,101,99,104,110,105,99,97,108,32,115,117,112,112,111,114,116,32,111,114,32,97,110,121,116,104,105,110,103,32,101,108,115,101,44,32,111,117,114,32,116,101,97,109,32,105,115,32,114,101,97,100,121,32,116,111,32,115,117,112,112,111,114,116,32,121,111,117,46,92,34,41,39,44,92,110,32,32,32,32,41,92,110,32,32,32,32,97,119,97,105,116,32,98,111,100,121,84,101,120,116,46,119,97,105,116,70,111,114,68,105,115,112,108,97,121,101,100,40,123,92,110,32,32,32,32,32,32,116,105,109,101,111,117,116,58,32,49,53,48,48,48,44,92,110,32,32,32,32,32,32,116,105,109,101,111,117,116,77,115,103,58,32,39,69,120,112,101,99,116,101,100,32,100,101,115,99,114,105,112,116,105,111,110,32,116,101,120,116,32,110,111,116,32,118,105,115,105,98,108,101,32,111,110,32,67,111,110,116,97,99,116,32,83,117,112,112,111,114,116,32,115,99,114,101,101,110,39,44,92,110,32,32,32,32,125,41,92,110,32,32,32,32,97,119,97,105,116,32,101,120,112,101,99,116,40,98,111,100,121,84,101,120,116,41,46,116,111,66,101,68,105,115,112,108,97,121,101,100,40,41,92,110,92,110,32,32,32,32,47,47,32,45,45,45,45,45,45,45,45,45,45,32,71,79,32,66,65,67,75,32,84,79,32,72,79,77,69,32,45,45,45,45,45,45,45,45,45,45,92,110,32,32,32,32,99,111,110,115,116,32,98,97,99,107,66,116,110,32,61,32,97,119,97,105,116,32,36,40,92,110,32,32,32,32,32,32,39,97,110,100,114,111,105,100,61,110,101,119,32,85,105,83,101,108,101,99,116,111,114,40,41,46,100,101,115,99,114,105,112,116,105,111,110,40,92,34,115,104,97,114,101,100,72,101,97,100,101,114,46,98,97,99,107,66,117,116,116,111,110,46,98,117,116,116,111,110,92,34,41,39,44,92,110,32,32,32,32,41,92,110,32,32,32,32,97,119,97,105,116,32,98,97,99,107,66,116,110,46,119,97,105,116,70,111,114,68,105,115,112,108,97,121,101,100,40,123,32,116,105,109,101,111,117,116,58,32,49,53,48,48,48,32,125,41,92,110,32,32,32,32,97,119,97,105,116,32,98,97,99,107,66,116,110,46,99,108,105,99,107,40,41,92,110,92,110,32,32,32,32,47,47,32,45,45,45,45,45,45,45,45,45,45,32,70,73,78,65,76,32,83,65,78,73,84,89,32,45,45,45,45,45,45,45,45,45,45,92,110,32,32,32,32,99,111,110,115,116,32,104,97,109,98,117,114,103,101,114,65,103,97,105,110,32,61,32,97,119,97,105,116,32,36,40,92,110,32,32,32,32,32,32,39,97,110,100,114,111,105,100,61,110,101,119,32,85,105,83,101,108,101,99,116,111,114,40,41,46,100,101,115,99,114,105,112,116,105,111,110,40,92,34,115,104,97,114,101,100,72,101,97,100,101,114,46,109,101,110,117,66,117,116,116,111,110,46,98,117,116,116,111,110,92,34,41,39,44,92,110,32,32,32,32,41,92,110,32,32,32,32,97,119,97,105,116,32,104,97,109,98,117,114,103,101,114,65,103,97,105,110,46,119,97,105,116,70,111,114,68,105,115,112,108,97,121,101,100,40,123,92,110,32,32,32,32,32,32,116,105,109,101,111,117,116,58,32,49,53,48,48,48,44,92,110,32,32,32,32,32,32,116,105,109,101,111,117,116,77,115,103,58,32,39,82,101,116,117,114,110,101,100,32,116,111,32,104,111,109,101,32,98,117,116,32,104,97,109,98,117,114,103,101,114,32,110,111,116,32,118,105,115,105,98,108,101,39,44,92,110,32,32,32,32,125,41,92,110,32,32,32,32,97,119,97,105,116,32,101,120,112,101,99,116,40,104,97,109,98,117,114,103,101,114,65,103,97,105,110,41,46,116,111,66,101,68,105,115,112,108,97,121,101,100,40,41,92,110,32,32,125,34,44,34,116,101,115,116,95,102,105,108,101,95,112,97,116,104,34,58,34,116,101,115,116,47,115,112,101,99,115,47,97,110,100,114,111,105,100,47,109,101,110,117,47,99,111,110,116,97,99,116,45,115,117,112,112,111,114,116,45,105,110,97,112,112,46,115,112,101,99,46,106,115,34,44,34,116,101,115,116,95,108,111,99,97,116,105,111,110,34,58,34,116,101,115,116,47,115,112,101,99,115,47,97,110,100,114,111,105,100,47,109,101,110,117,47,99,111,110,116,97,99,116,45,115,117,112,112,111,114,116,45,105,110,97,112,112,46,115,112,101,99,46,106,115,34,44,34,116,101,115,116,95,115,99,111,112,101,34,58,34,77,101,110,117,32,226,128,147,32,67,111,110,116,97,99,116,32,83,117,112,112,111,114,116,32,40,87,101,98,41,32,45,32,111,112,101,110,115,32,67,111,110,116,97,99,116,32,83,117,112,112,111,114,116,32,97,110,100,32,118,97,108,105,100,97,116,101,115,32,116,104,101,32,67,111,110,116,97,99,116,32,83,117,112,112,111,114,116,32,115,99,114,101,101,110,34,44,34,116,101,115,116,95,115,99,111,112,101,115,34,58,91,34,77,101,110,117,32,226,128,147,32,67,111,110,116,97,99,116,32,83,117,112,112,111,114,116,32,40,87,101,98,41,34,93,44,34,116,101,115,116,95,115,116,97,114,116,101,100,95,97,116,34,58,34,50,48,50,54,45,48,49,45,48,49,84,49,51,58,49,48,58,48,50,46,56,51,49,90,34,44,34,97,117,116,111,109,97,116,101,95,115,101,115,115,105,111,110,95,110,97,109,101,34,58,34,77,101,110,117,32,226,128,147,32,67,111,110,116,97,99,116,32,83,117,112,112,111,114,116,32,40,87,101,98,41,32,45,32,111,112,101,110,115,32,67,111,110,116,97,99,116,32,83,117,112,112,111,114,116,32,97,110,100,32,118,97,108,105,100,97,116,101,115,32,116,104,101,32,67,111,110,116,97,99,116,32,83,117,112,112,111,114,116,32,115,99,114,101,101,110,34,125]},"executionContext":{"hash":"671468f404d51ce435212d9ee83af23580773a14f97577b5147acc369d17426d","threadId":"0","processId":"24078"}}
[90m2026-01-01T13:10:02.835Z[39m [96mINFO[39m [97m@wdio/browserstack-service[39m Sending TestFrameworkEvent
[90m2026-01-01T13:10:02.857Z[39m [96mINFO[39m [97m@wdio/browserstack-service[39m testSessionEvent successful
[90m2026-01-01T13:10:02.857Z[39m [32mDEBUG[39m [97m@wdio/browserstack-service[39m sendTestSessionEvent complete for testState: TEST hookState: PRE
[90m2026-01-01T13:10:02.857Z[39m [96mINFO[39m [97m@wdio/browserstack-service[39m testFrameworkEvent successful
[90m2026-01-01T13:10:02.857Z[39m [32mDEBUG[39m [97m@wdio/browserstack-service[39m sendTestFrameworkEvent complete for testState: TEST hookState: PRE
[90m2026-01-01T13:10:04.001Z[39m [32mDEBUG[39m [97m@wdio/browserstack-service[39m Sending data from request queue. Data length = 1, Queue length after removal = 0
[90m2026-01-01T13:10:04.001Z[39m [32mDEBUG[39m [97m@wdio/browserstack-service[39m calling callback with kind INTERVAL_QUEUE
[90m2026-01-01T13:10:04.001Z[39m [32mDEBUG[39m [97m@wdio/browserstack-service[39m callback: called with events 1
[90m2026-01-01T13:10:04.684Z[39m [32mDEBUG[39m [97m@wdio/browserstack-service[39m [BATCH_DATA] EXCEPTION IN BATCH_DATA REQUEST TO TEST REPORTING AND ANALYTICS : SyntaxError: Unexpected end of JSON input
[90m2026-01-01T13:10:04.684Z[39m [32mDEBUG[39m [97m@wdio/browserstack-service[39m callback: marking events failed 1
[90m2026-01-01T13:10:15.652Z[39m [96mINFO[39m [97m@wdio/browserstack-service[39m trackEvent: testFrameworkState=TestFrameworkState.LOG_REPORT hookState=HookState.POST
[90m2026-01-01T13:10:15.652Z[39m [96mINFO[39m [97m@wdio/browserstack-service[39m trackEvent: testFrameworkState=TestFrameworkState.LOG_REPORT; hookState=HookState.POST; args=[object Object]
[90m2026-01-01T13:10:15.653Z[39m [96mINFO[39m [97m@wdio/browserstack-service[39m resolveInstance: resolving instance for testFrameworkState=TestFrameworkState.LOG_REPORT hookState=HookState.POST
[90m2026-01-01T13:10:15.653Z[39m [96mINFO[39m [97m@wdio/browserstack-service[39m trackEvent: load test results
[90m2026-01-01T13:10:15.653Z[39m [96mINFO[39m [97m@wdio/browserstack-service[39m Hook List in Post []
[90m2026-01-01T13:10:15.653Z[39m [96mINFO[39m [97m@wdio/browserstack-service[39m trackHookEvents: hook state=TestFrameworkState.LOG_REPORT.HookState.POST, hooks started={}, hooks finished={}
[90m2026-01-01T13:10:15.654Z[39m [32mDEBUG[39m [97m@wdio/browserstack-service[39m trackEvent: tracked instance data={"test_framework_name":"WebdriverIO-mocha","test_framework_version":"9.20.1","test_logs":[],"test_hooks_finished":{},"test_hooks_started":{},"test_uuid":"20da7ffc-357b-4d4d-b7b9-aa2293514403","test_result":"passed","test_hook_last_started":"TestFrameworkState.TEST","test_id":"Menu – Contact Support (Web) - opens Contact Support and validates the Contact Support screen","test_name":"opens Contact Support and validates the Contact Support screen","test_code":"async () => {\n    const APP_PKG = 'com.rolleaseacmeda.automatepulse'\n    const CHROME_PKG = 'com.android.chrome'\n\n    // If Chrome is foreground, bring app back (safe guard)\n    if ((await driver.getCurrentPackage()) === CHROME_PKG) {\n      await driver.activateApp(APP_PKG)\n      await browser.pause(1000)\n    }\n\n    // ---------- WAIT FOR HOME TO SETTLE ----------\n    const homeHeaderMarker = await $(\n      'android=new UiSelector().description(\"sharedHeader.rightButton.button\")',\n    )\n    await homeHeaderMarker.waitForDisplayed({\n      timeout: 20000,\n      timeoutMsg: 'Home header marker not visible after login',\n    })\n\n    await browser.pause(7000)\n\n    // ---------- OPEN DRAWER (ONCE) ----------\n    const hamburgerButton = await $(\n      'android=new UiSelector().description(\"sharedHeader.menuButton.button\")',\n    )\n    await hamburgerButton.waitForDisplayed({\n      timeout: 15000,\n      timeoutMsg: 'Hamburger button not visible on main screen',\n    })\n    await hamburgerButton.click()\n\n    await browser.waitUntil(\n      async () => {\n        const supportCenterExists = await $(\n          'android=new UiSelector().description(\"sidebar.supportCenterCard.button\")',\n        )\n          .isDisplayed()\n          .catch(() => false)\n\n        const knowledgeBaseExists = await $(\n          'android=new UiSelector().description(\"sidebar.knowledgeBaseCard.button\")',\n        )\n          .isDisplayed()\n          .catch(() => false)\n\n        return supportCenterExists || knowledgeBaseExists\n      },\n      {\n        timeout: 15000,\n        interval: 400,\n        timeoutMsg: 'Drawer opened but content not ready',\n      },\n    )\n\n    // ---------- OPEN SUPPORT CENTER ----------\n    const supportCenterBtn = await $(\n      'android=new UiScrollable(new UiSelector().scrollable(true))' +\n        '.scrollIntoView(new UiSelector().description(\"sidebar.supportCenterCard.button\"))',\n    )\n    await supportCenterBtn.waitForDisplayed({\n      timeout: 10000,\n      timeoutMsg: 'Support Center not visible in drawer',\n    })\n    await supportCenterBtn.click()\n\n    // ✅ WAIT FOR SUPPORT CENTER CONTENT TO FINISH RENDERING\n    const supportChatBtn = await $(\n      'android=new UiSelector().description(\"sidebar.supportChatCard.button\")',\n    )\n    await supportChatBtn.waitForDisplayed({\n      timeout: 10000,\n      timeoutMsg: 'Support Center expanded but content not ready',\n    })\n\n    // ---------- NOW SAFE TO ACCESS CONTACT SUPPORT ----------\n    const contactSupportBtn = await $(\n      'android=new UiSelector().description(\"sidebar.contactSupportCard.button\")',\n    )\n    await contactSupportBtn.waitForDisplayed({\n      timeout: 10000,\n      timeoutMsg: 'Contact Support not visible after Support Center expanded',\n    })\n    await contactSupportBtn.click()\n\n    // ---------- ASSERT CONTACT SUPPORT SCREEN (IN-APP) ----------\n    const heading = await $('android=new UiSelector().text(\"How can we help?\")')\n    await heading.waitForDisplayed({\n      timeout: 15000,\n      timeoutMsg: '\"How can we help?\" not visible on Contact Support screen',\n    })\n    await expect(heading).toBeDisplayed()\n\n    const bodyText = await $(\n      'android=new UiSelector().text(\"Whether you have questions about a product, need technical support or anything else, our team is ready to support you.\")',\n    )\n    await bodyText.waitForDisplayed({\n      timeout: 15000,\n      timeoutMsg: 'Expected description text not visible on Contact Support screen',\n    })\n    await expect(bodyText).toBeDisplayed()\n\n    // ---------- GO BACK TO HOME ----------\n    const backBtn = await $(\n      'android=new UiSelector().description(\"sharedHeader.backButton.button\")',\n    )\n    await backBtn.waitForDisplayed({ timeout: 15000 })\n    await backBtn.click()\n\n    // ---------- FINAL SANITY ----------\n    const hamburgerAgain = await $(\n      'android=new UiSelector().description(\"sharedHeader.menuButton.button\")',\n    )\n    await hamburgerAgain.waitForDisplayed({\n      timeout: 15000,\n      timeoutMsg: 'Returned to home but hamburger not visible',\n    })\n    await expect(hamburgerAgain).toBeDisplayed()\n  }","test_file_path":"test/specs/android/menu/contact-support-inapp.spec.js","test_location":"test/specs/android/menu/contact-support-inapp.spec.js","test_scope":"Menu – Contact Support (Web) - opens Contact Support and validates the Contact Support screen","test_scopes":["Menu – Contact Support (Web)"],"test_started_at":"2026-01-01T13:10:02.831Z","automate_session_name":"Menu – Contact Support (Web) - opens Contact Support and validates the Contact Support screen","test_failure":null,"test_failure_reason":null,"test_failure_type":null}
[90m2026-01-01T13:10:15.654Z[39m [96mINFO[39m [97m@wdio/browserstack-service[39m runHooks: instance=[object Object] automationFrameworkState=TestFrameworkState.LOG_REPORT hookState=HookState.POST
[90m2026-01-01T13:10:15.654Z[39m [32mDEBUG[39m [97m@wdio/browserstack-service[39m onAllTestEvents: Called after all test events from cli configured module!!!
[90m2026-01-01T13:10:15.654Z[39m [96mINFO[39m [97m@wdio/browserstack-service[39m trackEvent: testFrameworkState=TestFrameworkState.TEST hookState=HookState.POST
[90m2026-01-01T13:10:15.654Z[39m [96mINFO[39m [97m@wdio/browserstack-service[39m trackEvent: testFrameworkState=TestFrameworkState.TEST; hookState=HookState.POST; args=[object Object]
[90m2026-01-01T13:10:15.654Z[39m [96mINFO[39m [97m@wdio/browserstack-service[39m resolveInstance: resolving instance for testFrameworkState=TestFrameworkState.TEST hookState=HookState.POST
[90m2026-01-01T13:10:15.654Z[39m [96mINFO[39m [97m@wdio/browserstack-service[39m Hook List in Post [{"key":"TestFrameworkState.TEST","hook_id":"","hook_result":"pending","event_started_at":"2026-01-01T13:10:02.832Z","hook_logs":[],"hook_name":"opens Contact Support and validates the Contact Support screen","test_file_path":"test/specs/android/menu/contact-support-inapp.spec.js","test_location":"test/specs/android/menu/contact-support-inapp.spec.js"}]
[90m2026-01-01T13:10:15.654Z[39m [96mINFO[39m [97m@wdio/browserstack-service[39m trackHookEvents: hook state=TestFrameworkState.TEST.HookState.POST, hooks started={}, hooks finished={}
[90m2026-01-01T13:10:15.655Z[39m [32mDEBUG[39m [97m@wdio/browserstack-service[39m trackEvent: tracked instance data={"test_framework_name":"WebdriverIO-mocha","test_framework_version":"9.20.1","test_logs":[],"test_hooks_finished":{},"test_hooks_started":{},"test_uuid":"20da7ffc-357b-4d4d-b7b9-aa2293514403","test_result":"passed","test_hook_last_started":"TestFrameworkState.TEST","test_id":"Menu – Contact Support (Web) - opens Contact Support and validates the Contact Support screen","test_name":"opens Contact Support and validates the Contact Support screen","test_code":"async () => {\n    const APP_PKG = 'com.rolleaseacmeda.automatepulse'\n    const CHROME_PKG = 'com.android.chrome'\n\n    // If Chrome is foreground, bring app back (safe guard)\n    if ((await driver.getCurrentPackage()) === CHROME_PKG) {\n      await driver.activateApp(APP_PKG)\n      await browser.pause(1000)\n    }\n\n    // ---------- WAIT FOR HOME TO SETTLE ----------\n    const homeHeaderMarker = await $(\n      'android=new UiSelector().description(\"sharedHeader.rightButton.button\")',\n    )\n    await homeHeaderMarker.waitForDisplayed({\n      timeout: 20000,\n      timeoutMsg: 'Home header marker not visible after login',\n    })\n\n    await browser.pause(7000)\n\n    // ---------- OPEN DRAWER (ONCE) ----------\n    const hamburgerButton = await $(\n      'android=new UiSelector().description(\"sharedHeader.menuButton.button\")',\n    )\n    await hamburgerButton.waitForDisplayed({\n      timeout: 15000,\n      timeoutMsg: 'Hamburger button not visible on main screen',\n    })\n    await hamburgerButton.click()\n\n    await browser.waitUntil(\n      async () => {\n        const supportCenterExists = await $(\n          'android=new UiSelector().description(\"sidebar.supportCenterCard.button\")',\n        )\n          .isDisplayed()\n          .catch(() => false)\n\n        const knowledgeBaseExists = await $(\n          'android=new UiSelector().description(\"sidebar.knowledgeBaseCard.button\")',\n        )\n          .isDisplayed()\n          .catch(() => false)\n\n        return supportCenterExists || knowledgeBaseExists\n      },\n      {\n        timeout: 15000,\n        interval: 400,\n        timeoutMsg: 'Drawer opened but content not ready',\n      },\n    )\n\n    // ---------- OPEN SUPPORT CENTER ----------\n    const supportCenterBtn = await $(\n      'android=new UiScrollable(new UiSelector().scrollable(true))' +\n        '.scrollIntoView(new UiSelector().description(\"sidebar.supportCenterCard.button\"))',\n    )\n    await supportCenterBtn.waitForDisplayed({\n      timeout: 10000,\n      timeoutMsg: 'Support Center not visible in drawer',\n    })\n    await supportCenterBtn.click()\n\n    // ✅ WAIT FOR SUPPORT CENTER CONTENT TO FINISH RENDERING\n    const supportChatBtn = await $(\n      'android=new UiSelector().description(\"sidebar.supportChatCard.button\")',\n    )\n    await supportChatBtn.waitForDisplayed({\n      timeout: 10000,\n      timeoutMsg: 'Support Center expanded but content not ready',\n    })\n\n    // ---------- NOW SAFE TO ACCESS CONTACT SUPPORT ----------\n    const contactSupportBtn = await $(\n      'android=new UiSelector().description(\"sidebar.contactSupportCard.button\")',\n    )\n    await contactSupportBtn.waitForDisplayed({\n      timeout: 10000,\n      timeoutMsg: 'Contact Support not visible after Support Center expanded',\n    })\n    await contactSupportBtn.click()\n\n    // ---------- ASSERT CONTACT SUPPORT SCREEN (IN-APP) ----------\n    const heading = await $('android=new UiSelector().text(\"How can we help?\")')\n    await heading.waitForDisplayed({\n      timeout: 15000,\n      timeoutMsg: '\"How can we help?\" not visible on Contact Support screen',\n    })\n    await expect(heading).toBeDisplayed()\n\n    const bodyText = await $(\n      'android=new UiSelector().text(\"Whether you have questions about a product, need technical support or anything else, our team is ready to support you.\")',\n    )\n    await bodyText.waitForDisplayed({\n      timeout: 15000,\n      timeoutMsg: 'Expected description text not visible on Contact Support screen',\n    })\n    await expect(bodyText).toBeDisplayed()\n\n    // ---------- GO BACK TO HOME ----------\n    const backBtn = await $(\n      'android=new UiSelector().description(\"sharedHeader.backButton.button\")',\n    )\n    await backBtn.waitForDisplayed({ timeout: 15000 })\n    await backBtn.click()\n\n    // ---------- FINAL SANITY ----------\n    const hamburgerAgain = await $(\n      'android=new UiSelector().description(\"sharedHeader.menuButton.button\")',\n    )\n    await hamburgerAgain.waitForDisplayed({\n      timeout: 15000,\n      timeoutMsg: 'Returned to home but hamburger not visible',\n    })\n    await expect(hamburgerAgain).toBeDisplayed()\n  }","test_file_path":"test/specs/android/menu/contact-support-inapp.spec.js","test_location":"test/specs/android/menu/contact-support-inapp.spec.js","test_scope":"Menu – Contact Support (Web) - opens Contact Support and validates the Contact Support screen","test_scopes":["Menu – Contact Support (Web)"],"test_started_at":"2026-01-01T13:10:02.831Z","automate_session_name":"Menu – Contact Support (Web) - opens Contact Support and validates the Contact Support screen","test_failure":null,"test_failure_reason":null,"test_failure_type":null,"test_ended_at":"2026-01-01T13:10:15.654Z","test_hook_last_finished":"TestFrameworkState.TEST"}
[90m2026-01-01T13:10:15.655Z[39m [96mINFO[39m [97m@wdio/browserstack-service[39m runHooks: instance=[object Object] automationFrameworkState=TestFrameworkState.TEST hookState=HookState.POST
[90m2026-01-01T13:10:15.655Z[39m [32mDEBUG[39m [97m@wdio/browserstack-service[39m onAfterTest: inside automate module after test hook!
[90m2026-01-01T13:10:15.656Z[39m [32mDEBUG[39m [97m@wdio/browserstack-service[39m getTrackedInstance: 24078:0
[90m2026-01-01T13:10:15.656Z[39m [32mDEBUG[39m [97m@wdio/browserstack-service[39m onAllTestEvents: Called after all test events from cli configured module!!!
[90m2026-01-01T13:10:15.656Z[39m [96mINFO[39m [97m@wdio/browserstack-service[39m onAllTestEvents: dropping due to lack of results
[90m2026-01-01T13:10:15.656Z[39m [32mDEBUG[39m [97m@wdio/browserstack-service[39m sendTestFrameworkEvent for testState: TEST hookState: POST
[90m2026-01-01T13:10:15.658Z[39m [32mDEBUG[39m [97m@wdio/browserstack-service[39m sendTestFrameworkEvent payload: {"platformIndex":0,"testFrameworkName":"WebdriverIO-mocha","testFrameworkVersion":"9.20.1","testFrameworkState":"TEST","testHookState":"POST","startedAt":"2026-01-01T13:10:02.831Z","endedAt":"2026-01-01T13:10:15.654Z","uuid":"20da7ffc-357b-4d4d-b7b9-aa2293514403","eventJson":{"type":"Buffer","data":[123,34,116,101,115,116,95,102,114,97,109,101,119,111,114,107,95,110,97,109,101,34,58,34,87,101,98,100,114,105,118,101,114,73,79,45,109,111,99,104,97,34,44,34,116,101,115,116,95,102,114,97,109,101,119,111,114,107,95,118,101,114,115,105,111,110,34,58,34,57,46,50,48,46,49,34,44,34,116,101,115,116,95,108,111,103,115,34,58,91,93,44,34,116,101,115,116,95,104,111,111,107,115,95,102,105,110,105,115,104,101,100,34,58,123,125,44,34,116,101,115,116,95,104,111,111,107,115,95,115,116,97,114,116,101,100,34,58,123,125,44,34,116,101,115,116,95,117,117,105,100,34,58,34,50,48,100,97,55,102,102,99,45,51,53,55,98,45,52,100,52,100,45,98,55,98,57,45,97,97,50,50,57,51,53,49,52,52,48,51,34,44,34,116,101,115,116,95,114,101,115,117,108,116,34,58,34,112,97,115,115,101,100,34,44,34,116,101,115,116,95,104,111,111,107,95,108,97,115,116,95,115,116,97,114,116,101,100,34,58,34,84,101,115,116,70,114,97,109,101,119,111,114,107,83,116,97,116,101,46,84,69,83,84,34,44,34,116,101,115,116,95,105,100,34,58,34,77,101,110,117,32,226,128,147,32,67,111,110,116,97,99,116,32,83,117,112,112,111,114,116,32,40,87,101,98,41,32,45,32,111,112,101,110,115,32,67,111,110,116,97,99,116,32,83,117,112,112,111,114,116,32,97,110,100,32,118,97,108,105,100,97,116,101,115,32,116,104,101,32,67,111,110,116,97,99,116,32,83,117,112,112,111,114,116,32,115,99,114,101,101,110,34,44,34,116,101,115,116,95,110,97,109,101,34,58,34,111,112,101,110,115,32,67,111,110,116,97,99,116,32,83,117,112,112,111,114,116,32,97,110,100,32,118,97,108,105,100,97,116,101,115,32,116,104,101,32,67,111,110,116,97,99,116,32,83,117,112,112,111,114,116,32,115,99,114,101,101,110,34,44,34,116,101,115,116,95,99,111,100,101,34,58,34,97,115,121,110,99,32,40,41,32,61,62,32,123,92,110,32,32,32,32,99,111,110,115,116,32,65,80,80,95,80,75,71,32,61,32,39,99,111,109,46,114,111,108,108,101,97,115,101,97,99,109,101,100,97,46,97,117,116,111,109,97,116,101,112,117,108,115,101,39,92,110,32,32,32,32,99,111,110,115,116,32,67,72,82,79,77,69,95,80,75,71,32,61,32,39,99,111,109,46,97,110,100,114,111,105,100,46,99,104,114,111,109,101,39,92,110,92,110,32,32,32,32,47,47,32,73,102,32,67,104,114,111,109,101,32,105,115,32,102,111,114,101,103,114,111,117,110,100,44,32,98,114,105,110,103,32,97,112,112,32,98,97,99,107,32,40,115,97,102,101,32,103,117,97,114,100,41,92,110,32,32,32,32,105,102,32,40,40,97,119,97,105,116,32,100,114,105,118,101,114,46,103,101,116,67,117,114,114,101,110,116,80,97,99,107,97,103,101,40,41,41,32,61,61,61,32,67,72,82,79,77,69,95,80,75,71,41,32,123,92,110,32,32,32,32,32,32,97,119,97,105,116,32,100,114,105,118,101,114,46,97,99,116,105,118,97,116,101,65,112,112,40,65,80,80,95,80,75,71,41,92,110,32,32,32,32,32,32,97,119,97,105,116,32,98,114,111,119,115,101,114,46,112,97,117,115,101,40,49,48,48,48,41,92,110,32,32,32,32,125,92,110,92,110,32,32,32,32,47,47,32,45,45,45,45,45,45,45,45,45,45,32,87,65,73,84,32,70,79,82,32,72,79,77,69,32,84,79,32,83,69,84,84,76,69,32,45,45,45,45,45,45,45,45,45,45,92,110,32,32,32,32,99,111,110,115,116,32,104,111,109,101,72,101,97,100,101,114,77,97,114,107,101,114,32,61,32,97,119,97,105,116,32,36,40,92,110,32,32,32,32,32,32,39,97,110,100,114,111,105,100,61,110,101,119,32,85,105,83,101,108,101,99,116,111,114,40,41,46,100,101,115,99,114,105,112,116,105,111,110,40,92,34,115,104,97,114,101,100,72,101,97,100,101,114,46,114,105,103,104,116,66,117,116,116,111,110,46,98,117,116,116,111,110,92,34,41,39,44,92,110,32,32,32,32,41,92,110,32,32,32,32,97,119,97,105,116,32,104,111,109,101,72,101,97,100,101,114,77,97,114,107,101,114,46,119,97,105,116,70,111,114,68,105,115,112,108,97,121,101,100,40,123,92,110,32,32,32,32,32,32,116,105,109,101,111,117,116,58,32,50,48,48,48,48,44,92,110,32,32,32,32,32,32,116,105,109,101,111,117,116,77,115,103,58,32,39,72,111,109,101,32,104,101,97,100,101,114,32,109,97,114,107,101,114,32,110,111,116,32,118,105,115,105,98,108,101,32,97,102,116,101,114,32,108,111,103,105,110,39,44,92,110,32,32,32,32,125,41,92,110,92,110,32,32,32,32,97,119,97,105,116,32,98,114,111,119,115,101,114,46,112,97,117,115,101,40,55,48,48,48,41,92,110,92,110,32,32,32,32,47,47,32,45,45,45,45,45,45,45,45,45,45,32,79,80,69,78,32,68,82,65,87,69,82,32,40,79,78,67,69,41,32,45,45,45,45,45,45,45,45,45,45,92,110,32,32,32,32,99,111,110,115,116,32,104,97,109,98,117,114,103,101,114,66,117,116,116,111,110,32,61,32,97,119,97,105,116,32,36,40,92,110,32,32,32,32,32,32,39,97,110,100,114,111,105,100,61,110,101,119,32,85,105,83,101,108,101,99,116,111,114,40,41,46,100,101,115,99,114,105,112,116,105,111,110,40,92,34,115,104,97,114,101,100,72,101,97,100,101,114,46,109,101,110,117,66,117,116,116,111,110,46,98,117,116,116,111,110,92,34,41,39,44,92,110,32,32,32,32,41,92,110,32,32,32,32,97,119,97,105,116,32,104,97,109,98,117,114,103,101,114,66,117,116,116,111,110,46,119,97,105,116,70,111,114,68,105,115,112,108,97,121,101,100,40,123,92,110,32,32,32,32,32,32,116,105,109,101,111,117,116,58,32,49,53,48,48,48,44,92,110,32,32,32,32,32,32,116,105,109,101,111,117,116,77,115,103,58,32,39,72,97,109,98,117,114,103,101,114,32,98,117,116,116,111,110,32,110,111,116,32,118,105,115,105,98,108,101,32,111,110,32,109,97,105,110,32,115,99,114,101,101,110,39,44,92,110,32,32,32,32,125,41,92,110,32,32,32,32,97,119,97,105,116,32,104,97,109,98,117,114,103,101,114,66,117,116,116,111,110,46,99,108,105,99,107,40,41,92,110,92,110,32,32,32,32,97,119,97,105,116,32,98,114,111,119,115,101,114,46,119,97,105,116,85,110,116,105,108,40,92,110,32,32,32,32,32,32,97,115,121,110,99,32,40,41,32,61,62,32,123,92,110,32,32,32,32,32,32,32,32,99,111,110,115,116,32,115,117,112,112,111,114,116,67,101,110,116,101,114,69,120,105,115,116,115,32,61,32,97,119,97,105,116,32,36,40,92,110,32,32,32,32,32,32,32,32,32,32,39,97,110,100,114,111,105,100,61,110,101,119,32,85,105,83,101,108,101,99,116,111,114,40,41,46,100,101,115,99,114,105,112,116,105,111,110,40,92,34,115,105,100,101,98,97,114,46,115,117,112,112,111,114,116,67,101,110,116,101,114,67,97,114,100,46,98,117,116,116,111,110,92,34,41,39,44,92,110,32,32,32,32,32,32,32,32,41,92,110,32,32,32,32,32,32,32,32,32,32,46,105,115,68,105,115,112,108,97,121,101,100,40,41,92,110,32,32,32,32,32,32,32,32,32,32,46,99,97,116,99,104,40,40,41,32,61,62,32,102,97,108,115,101,41,92,110,92,110,32,32,32,32,32,32,32,32,99,111,110,115,116,32,107,110,111,119,108,101,100,103,101,66,97,115,101,69,120,105,115,116,115,32,61,32,97,119,97,105,116,32,36,40,92,110,32,32,32,32,32,32,32,32,32,32,39,97,110,100,114,111,105,100,61,110,101,119,32,85,105,83,101,108,101,99,116,111,114,40,41,46,100,101,115,99,114,105,112,116,105,111,110,40,92,34,115,105,100,101,98,97,114,46,107,110,111,119,108,101,100,103,101,66,97,115,101,67,97,114,100,46,98,117,116,116,111,110,92,34,41,39,44,92,110,32,32,32,32,32,32,32,32,41,92,110,32,32,32,32,32,32,32,32,32,32,46,105,115,68,105,115,112,108,97,121,101,100,40,41,92,110,32,32,32,32,32,32,32,32,32,32,46,99,97,116,99,104,40,40,41,32,61,62,32,102,97,108,115,101,41,92,110,92,110,32,32,32,32,32,32,32,32,114,101,116,117,114,110,32,115,117,112,112,111,114,116,67,101,110,116,101,114,69,120,105,115,116,115,32,124,124,32,107,110,111,119,108,101,100,103,101,66,97,115,101,69,120,105,115,116,115,92,110,32,32,32,32,32,32,125,44,92,110,32,32,32,32,32,32,123,92,110,32,32,32,32,32,32,32,32,116,105,109,101,111,117,116,58,32,49,53,48,48,48,44,92,110,32,32,32,32,32,32,32,32,105,110,116,101,114,118,97,108,58,32,52,48,48,44,92,110,32,32,32,32,32,32,32,32,116,105,109,101,111,117,116,77,115,103,58,32,39,68,114,97,119,101,114,32,111,112,101,110,101,100,32,98,117,116,32,99,111,110,116,101,110,116,32,110,111,116,32,114,101,97,100,121,39,44,92,110,32,32,32,32,32,32,125,44,92,110,32,32,32,32,41,92,110,92,110,32,32,32,32,47,47,32,45,45,45,45,45,45,45,45,45,45,32,79,80,69,78,32,83,85,80,80,79,82,84,32,67,69,78,84,69,82,32,45,45,45,45,45,45,45,45,45,45,92,110,32,32,32,32,99,111,110,115,116,32,115,117,112,112,111,114,116,67,101,110,116,101,114,66,116,110,32,61,32,97,119,97,105,116,32,36,40,92,110,32,32,32,32,32,32,39,97,110,100,114,111,105,100,61,110,101,119,32,85,105,83,99,114,111,108,108,97,98,108,101,40,110,101,119,32,85,105,83,101,108,101,99,116,111,114,40,41,46,115,99,114,111,108,108,97,98,108,101,40,116,114,117,101,41,41,39,32,43,92,110,32,32,32,32,32,32,32,32,39,46,115,99,114,111,108,108,73,110,116,111,86,105,101,119,40,110,101,119,32,85,105,83,101,108,101,99,116,111,114,40,41,46,100,101,115,99,114,105,112,116,105,111,110,40,92,34,115,105,100,101,98,97,114,46,115,117,112,112,111,114,116,67,101,110,116,101,114,67,97,114,100,46,98,117,116,116,111,110,92,34,41,41,39,44,92,110,32,32,32,32,41,92,110,32,32,32,32,97,119,97,105,116,32,115,117,112,112,111,114,116,67,101,110,116,101,114,66,116,110,46,119,97,105,116,70,111,114,68,105,115,112,108,97,121,101,100,40,123,92,110,32,32,32,32,32,32,116,105,109,101,111,117,116,58,32,49,48,48,48,48,44,92,110,32,32,32,32,32,32,116,105,109,101,111,117,116,77,115,103,58,32,39,83,117,112,112,111,114,116,32,67,101,110,116,101,114,32,110,111,116,32,118,105,115,105,98,108,101,32,105,110,32,100,114,97,119,101,114,39,44,92,110,32,32,32,32,125,41,92,110,32,32,32,32,97,119,97,105,116,32,115,117,112,112,111,114,116,67,101,110,116,101,114,66,116,110,46,99,108,105,99,107,40,41,92,110,92,110,32,32,32,32,47,47,32,226,156,133,32,87,65,73,84,32,70,79,82,32,83,85,80,80,79,82,84,32,67,69,78,84,69,82,32,67,79,78,84,69,78,84,32,84,79,32,70,73,78,73,83,72,32,82,69,78,68,69,82,73,78,71,92,110,32,32,32,32,99,111,110,115,116,32,115,117,112,112,111,114,116,67,104,97,116,66,116,110,32,61,32,97,119,97,105,116,32,36,40,92,110,32,32,32,32,32,32,39,97,110,100,114,111,105,100,61,110,101,119,32,85,105,83,101,108,101,99,116,111,114,40,41,46,100,101,115,99,114,105,112,116,105,111,110,40,92,34,115,105,100,101,98,97,114,46,115,117,112,112,111,114,116,67,104,97,116,67,97,114,100,46,98,117,116,116,111,110,92,34,41,39,44,92,110,32,32,32,32,41,92,110,32,32,32,32,97,119,97,105,116,32,115,117,112,112,111,114,116,67,104,97,116,66,116,110,46,119,97,105,116,70,111,114,68,105,115,112,108,97,121,101,100,40,123,92,110,32,32,32,32,32,32,116,105,109,101,111,117,116,58,32,49,48,48,48,48,44,92,110,32,32,32,32,32,32,116,105,109,101,111,117,116,77,115,103,58,32,39,83,117,112,112,111,114,116,32,67,101,110,116,101,114,32,101,120,112,97,110,100,101,100,32,98,117,116,32,99,111,110,116,101,110,116,32,110,111,116,32,114,101,97,100,121,39,44,92,110,32,32,32,32,125,41,92,110,92,110,32,32,32,32,47,47,32,45,45,45,45,45,45,45,45,45,45,32,78,79,87,32,83,65,70,69,32,84,79,32,65,67,67,69,83,83,32,67,79,78,84,65,67,84,32,83,85,80,80,79,82,84,32,45,45,45,45,45,45,45,45,45,45,92,110,32,32,32,32,99,111,110,115,116,32,99,111,110,116,97,99,116,83,117,112,112,111,114,116,66,116,110,32,61,32,97,119,97,105,116,32,36,40,92,110,32,32,32,32,32,32,39,97,110,100,114,111,105,100,61,110,101,119,32,85,105,83,101,108,101,99,116,111,114,40,41,46,100,101,115,99,114,105,112,116,105,111,110,40,92,34,115,105,100,101,98,97,114,46,99,111,110,116,97,99,116,83,117,112,112,111,114,116,67,97,114,100,46,98,117,116,116,111,110,92,34,41,39,44,92,110,32,32,32,32,41,92,110,32,32,32,32,97,119,97,105,116,32,99,111,110,116,97,99,116,83,117,112,112,111,114,116,66,116,110,46,119,97,105,116,70,111,114,68,105,115,112,108,97,121,101,100,40,123,92,110,32,32,32,32,32,32,116,105,109,101,111,117,116,58,32,49,48,48,48,48,44,92,110,32,32,32,32,32,32,116,105,109,101,111,117,116,77,115,103,58,32,39,67,111,110,116,97,99,116,32,83,117,112,112,111,114,116,32,110,111,116,32,118,105,115,105,98,108,101,32,97,102,116,101,114,32,83,117,112,112,111,114,116,32,67,101,110,116,101,114,32,101,120,112,97,110,100,101,100,39,44,92,110,32,32,32,32,125,41,92,110,32,32,32,32,97,119,97,105,116,32,99,111,110,116,97,99,116,83,117,112,112,111,114,116,66,116,110,46,99,108,105,99,107,40,41,92,110,92,110,32,32,32,32,47,47,32,45,45,45,45,45,45,45,45,45,45,32,65,83,83,69,82,84,32,67,79,78,84,65,67,84,32,83,85,80,80,79,82,84,32,83,67,82,69,69,78,32,40,73,78,45,65,80,80,41,32,45,45,45,45,45,45,45,45,45,45,92,110,32,32,32,32,99,111,110,115,116,32,104,101,97,100,105,110,103,32,61,32,97,119,97,105,116,32,36,40,39,97,110,100,114,111,105,100,61,110,101,119,32,85,105,83,101,108,101,99,116,111,114,40,41,46,116,101,120,116,40,92,34,72,111,119,32,99,97,110,32,119,101,32,104,101,108,112,63,92,34,41,39,41,92,110,32,32,32,32,97,119,97,105,116,32,104,101,97,100,105,110,103,46,119,97,105,116,70,111,114,68,105,115,112,108,97,121,101,100,40,123,92,110,32,32,32,32,32,32,116,105,109,101,111,117,116,58,32,49,53,48,48,48,44,92,110,32,32,32,32,32,32,116,105,109,101,111,117,116,77,115,103,58,32,39,92,34,72,111,119,32,99,97,110,32,119,101,32,104,101,108,112,63,92,34,32,110,111,116,32,118,105,115,105,98,108,101,32,111,110,32,67,111,110,116,97,99,116,32,83,117,112,112,111,114,116,32,115,99,114,101,101,110,39,44,92,110,32,32,32,32,125,41,92,110,32,32,32,32,97,119,97,105,116,32,101,120,112,101,99,116,40,104,101,97,100,105,110,103,41,46,116,111,66,101,68,105,115,112,108,97,121,101,100,40,41,92,110,92,110,32,32,32,32,99,111,110,115,116,32,98,111,100,121,84,101,120,116,32,61,32,97,119,97,105,116,32,36,40,92,110,32,32,32,32,32,32,39,97,110,100,114,111,105,100,61,110,101,119,32,85,105,83,101,108,101,99,116,111,114,40,41,46,116,101,120,116,40,92,34,87,104,101,116,104,101,114,32,121,111,117,32,104,97,118,101,32,113,117,101,115,116,105,111,110,115,32,97,98,111,117,116,32,97,32,112,114,111,100,117,99,116,44,32,110,101,101,100,32,116,101,99,104,110,105,99,97,108,32,115,117,112,112,111,114,116,32,111,114,32,97,110,121,116,104,105,110,103,32,101,108,115,101,44,32,111,117,114,32,116,101,97,109,32,105,115,32,114,101,97,100,121,32,116,111,32,115,117,112,112,111,114,116,32,121,111,117,46,92,34,41,39,44,92,110,32,32,32,32,41,92,110,32,32,32,32,97,119,97,105,116,32,98,111,100,121,84,101,120,116,46,119,97,105,116,70,111,114,68,105,115,112,108,97,121,101,100,40,123,92,110,32,32,32,32,32,32,116,105,109,101,111,117,116,58,32,49,53,48,48,48,44,92,110,32,32,32,32,32,32,116,105,109,101,111,117,116,77,115,103,58,32,39,69,120,112,101,99,116,101,100,32,100,101,115,99,114,105,112,116,105,111,110,32,116,101,120,116,32,110,111,116,32,118,105,115,105,98,108,101,32,111,110,32,67,111,110,116,97,99,116,32,83,117,112,112,111,114,116,32,115,99,114,101,101,110,39,44,92,110,32,32,32,32,125,41,92,110,32,32,32,32,97,119,97,105,116,32,101,120,112,101,99,116,40,98,111,100,121,84,101,120,116,41,46,116,111,66,101,68,105,115,112,108,97,121,101,100,40,41,92,110,92,110,32,32,32,32,47,47,32,45,45,45,45,45,45,45,45,45,45,32,71,79,32,66,65,67,75,32,84,79,32,72,79,77,69,32,45,45,45,45,45,45,45,45,45,45,92,110,32,32,32,32,99,111,110,115,116,32,98,97,99,107,66,116,110,32,61,32,97,119,97,105,116,32,36,40,92,110,32,32,32,32,32,32,39,97,110,100,114,111,105,100,61,110,101,119,32,85,105,83,101,108,101,99,116,111,114,40,41,46,100,101,115,99,114,105,112,116,105,111,110,40,92,34,115,104,97,114,101,100,72,101,97,100,101,114,46,98,97,99,107,66,117,116,116,111,110,46,98,117,116,116,111,110,92,34,41,39,44,92,110,32,32,32,32,41,92,110,32,32,32,32,97,119,97,105,116,32,98,97,99,107,66,116,110,46,119,97,105,116,70,111,114,68,105,115,112,108,97,121,101,100,40,123,32,116,105,109,101,111,117,116,58,32,49,53,48,48,48,32,125,41,92,110,32,32,32,32,97,119,97,105,116,32,98,97,99,107,66,116,110,46,99,108,105,99,107,40,41,92,110,92,110,32,32,32,32,47,47,32,45,45,45,45,45,45,45,45,45,45,32,70,73,78,65,76,32,83,65,78,73,84,89,32,45,45,45,45,45,45,45,45,45,45,92,110,32,32,32,32,99,111,110,115,116,32,104,97,109,98,117,114,103,101,114,65,103,97,105,110,32,61,32,97,119,97,105,116,32,36,40,92,110,32,32,32,32,32,32,39,97,110,100,114,111,105,100,61,110,101,119,32,85,105,83,101,108,101,99,116,111,114,40,41,46,100,101,115,99,114,105,112,116,105,111,110,40,92,34,115,104,97,114,101,100,72,101,97,100,101,114,46,109,101,110,117,66,117,116,116,111,110,46,98,117,116,116,111,110,92,34,41,39,44,92,110,32,32,32,32,41,92,110,32,32,32,32,97,119,97,105,116,32,104,97,109,98,117,114,103,101,114,65,103,97,105,110,46,119,97,105,116,70,111,114,68,105,115,112,108,97,121,101,100,40,123,92,110,32,32,32,32,32,32,116,105,109,101,111,117,116,58,32,49,53,48,48,48,44,92,110,32,32,32,32,32,32,116,105,109,101,111,117,116,77,115,103,58,32,39,82,101,116,117,114,110,101,100,32,116,111,32,104,111,109,101,32,98,117,116,32,104,97,109,98,117,114,103,101,114,32,110,111,116,32,118,105,115,105,98,108,101,39,44,92,110,32,32,32,32,125,41,92,110,32,32,32,32,97,119,97,105,116,32,101,120,112,101,99,116,40,104,97,109,98,117,114,103,101,114,65,103,97,105,110,41,46,116,111,66,101,68,105,115,112,108,97,121,101,100,40,41,92,110,32,32,125,34,44,34,116,101,115,116,95,102,105,108,101,95,112,97,116,104,34,58,34,116,101,115,116,47,115,112,101,99,115,47,97,110,100,114,111,105,100,47,109,101,110,117,47,99,111,110,116,97,99,116,45,115,117,112,112,111,114,116,45,105,110,97,112,112,46,115,112,101,99,46,106,115,34,44,34,116,101,115,116,95,108,111,99,97,116,105,111,110,34,58,34,116,101,115,116,47,115,112,101,99,115,47,97,110,100,114,111,105,100,47,109,101,110,117,47,99,111,110,116,97,99,116,45,115,117,112,112,111,114,116,45,105,110,97,112,112,46,115,112,101,99,46,106,115,34,44,34,116,101,115,116,95,115,99,111,112,101,34,58,34,77,101,110,117,32,226,128,147,32,67,111,110,116,97,99,116,32,83,117,112,112,111,114,116,32,40,87,101,98,41,32,45,32,111,112,101,110,115,32,67,111,110,116,97,99,116,32,83,117,112,112,111,114,116,32,97,110,100,32,118,97,108,105,100,97,116,101,115,32,116,104,101,32,67,111,110,116,97,99,116,32,83,117,112,112,111,114,116,32,115,99,114,101,101,110,34,44,34,116,101,115,116,95,115,99,111,112,101,115,34,58,91,34,77,101,110,117,32,226,128,147,32,67,111,110,116,97,99,116,32,83,117,112,112,111,114,116,32,40,87,101,98,41,34,93,44,34,116,101,115,116,95,115,116,97,114,116,101,100,95,97,116,34,58,34,50,48,50,54,45,48,49,45,48,49,84,49,51,58,49,48,58,48,50,46,56,51,49,90,34,44,34,97,117,116,111,109,97,116,101,95,115,101,115,115,105,111,110,95,110,97,109,101,34,58,34,77,101,110,117,32,226,128,147,32,67,111,110,116,97,99,116,32,83,117,112,112,111,114,116,32,40,87,101,98,41,32,45,32,111,112,101,110,115,32,67,111,110,116,97,99,116,32,83,117,112,112,111,114,116,32,97,110,100,32,118,97,108,105,100,97,116,101,115,32,116,104,101,32,67,111,110,116,97,99,116,32,83,117,112,112,111,114,116,32,115,99,114,101,101,110,34,44,34,116,101,115,116,95,102,97,105,108,117,114,101,34,58,110,117,108,108,44,34,116,101,115,116,95,102,97,105,108,117,114,101,95,114,101,97,115,111,110,34,58,110,117,108,108,44,34,116,101,115,116,95,102,97,105,108,117,114,101,95,116,121,112,101,34,58,110,117,108,108,44,34,116,101,115,116,95,101,110,100,101,100,95,97,116,34,58,34,50,48,50,54,45,48,49,45,48,49,84,49,51,58,49,48,58,49,53,46,54,53,52,90,34,44,34,116,101,115,116,95,104,111,111,107,95,108,97,115,116,95,102,105,110,105,115,104,101,100,34,58,34,84,101,115,116,70,114,97,109,101,119,111,114,107,83,116,97,116,101,46,84,69,83,84,34,44,34,97,117,116,111,109,97,116,101,95,115,101,115,115,105,111,110,95,115,116,97,116,117,115,34,58,34,112,97,115,115,101,100,34,44,34,116,101,115,116,95,100,101,102,101,114,114,101,100,34,58,116,114,117,101,125]},"executionContext":{"hash":"671468f404d51ce435212d9ee83af23580773a14f97577b5147acc369d17426d","threadId":"0","processId":"24078"}}
[90m2026-01-01T13:10:15.658Z[39m [96mINFO[39m [97m@wdio/browserstack-service[39m Sending TestFrameworkEvent
[90m2026-01-01T13:10:15.668Z[39m [96mINFO[39m [97m@wdio/browserstack-service[39m trackEvent: automationFrameworkState=AutomationFrameworkState.EXECUTE hookState=HookState.POST
[90m2026-01-01T13:10:15.668Z[39m [96mINFO[39m [97m@wdio/browserstack-service[39m trackEvent: automationFrameworkState=AutomationFrameworkState.EXECUTE hookState=HookState.POST args=[object Object]
[90m2026-01-01T13:10:15.668Z[39m [96mINFO[39m [97m@wdio/browserstack-service[39m resolveInstance: resolving instance for automationFrameworkState=AutomationFrameworkState.EXECUTE hookState=HookState.POST
[90m2026-01-01T13:10:15.668Z[39m [32mDEBUG[39m [97m@wdio/browserstack-service[39m getTrackedInstance: 24078:0
[90m2026-01-01T13:10:15.669Z[39m [96mINFO[39m [97m@wdio/browserstack-service[39m runHooks: automationFrameworkState=AutomationFrameworkState.EXECUTE hookState=HookState.POST
[90m2026-01-01T13:10:15.669Z[39m [32mDEBUG[39m [97m@wdio/browserstack-service[39m onAfterExecute: inside automate module after execute hook!
[90m2026-01-01T13:10:15.669Z[39m [96mINFO[39m [97m@wdio/browserstack-service[39m Marking session name for Automate
[90m2026-01-01T13:10:15.673Z[39m [96mINFO[39m [97m@wdio/browserstack-service[39m testFrameworkEvent successful
[90m2026-01-01T13:10:15.673Z[39m [32mDEBUG[39m [97m@wdio/browserstack-service[39m sendTestFrameworkEvent complete for testState: TEST hookState: POST
[90m2026-01-01T13:10:15.979Z[39m [32mDEBUG[39m [97m@wdio/browserstack-service[39m Session name updated: { status: 404, message: 'Not Found' }. Done for sessionId 430e5617c1da7430de9212167350a11511061fab
[90m2026-01-01T13:10:15.980Z[39m [96mINFO[39m [97m@wdio/browserstack-service[39m Marking session status for Automate
[90m2026-01-01T13:10:16.272Z[39m [32mDEBUG[39m [97m@wdio/browserstack-service[39m Session status updated: { status: 404, message: 'Not Found' }. Done for sessionId 430e5617c1da7430de9212167350a11511061fab
[90m2026-01-01T13:10:16.273Z[39m [32mDEBUG[39m [97m@wdio/browserstack-service[39m teardown started
[90m2026-01-01T13:10:16.274Z[39m [32mDEBUG[39m [97m@wdio/browserstack-service[39m shutdown started
[90m2026-01-01T13:10:16.274Z[39m [32mDEBUG[39m [97m@wdio/browserstack-service[39m Shutting down request queue
[90m2026-01-01T13:10:16.274Z[39m [32mDEBUG[39m [97m@wdio/browserstack-service[39m shutdown ended
[90m2026-01-01T13:10:16.274Z[39m [32mDEBUG[39m [97m@wdio/browserstack-service[39m teardown ended
[90m2026-01-01T13:10:20.130Z[39m [32mDEBUG[39m [97m@wdio/browserstack-service[39m Inside OnComplete hook..
[90m2026-01-01T13:10:20.131Z[39m [32mDEBUG[39m [97m@wdio/browserstack-service[39m stop: CLI stop triggered
[90m2026-01-01T13:10:20.131Z[39m [32mDEBUG[39m [97m@wdio/browserstack-service[39m Sending stop launch event
[90m2026-01-01T13:10:20.131Z[39m [32mDEBUG[39m [97m@wdio/browserstack-service[39m Stopping bin session
[90m2026-01-01T13:10:23.265Z[39m [96mINFO[39m [97m@wdio/browserstack-service[39m StopBinSession successful
[90m2026-01-01T13:10:23.266Z[39m [32mDEBUG[39m [97m@wdio/browserstack-service[39m stop: stopBinSession response={"success":true}
[90m2026-01-01T13:10:23.266Z[39m [32mDEBUG[39m [97m@wdio/browserstack-service[39m Unconfiguring modules
[90m2026-01-01T13:10:23.266Z[39m [32mDEBUG[39m [97m@wdio/browserstack-service[39m Configured module WebdriverIOModule with binSessionId=null, platformIndex=0
[90m2026-01-01T13:10:23.266Z[39m [32mDEBUG[39m [97m@wdio/browserstack-service[39m Configured module AutomateModule with binSessionId=null, platformIndex=0
[90m2026-01-01T13:10:23.266Z[39m [32mDEBUG[39m [97m@wdio/browserstack-service[39m Configured module ObservabilityModule with binSessionId=null, platformIndex=0
[90m2026-01-01T13:10:23.266Z[39m [32mDEBUG[39m [97m@wdio/browserstack-service[39m Configured module TestHubModule with binSessionId=null, platformIndex=0
[90m2026-01-01T13:10:23.266Z[39m [32mDEBUG[39m [97m@wdio/browserstack-service[39m stop: shutting down CLI
[90m2026-01-01T13:10:23.283Z[39m [32mDEBUG[39m [97m@wdio/browserstack-service[39m stop: CLI process exited
[90m2026-01-01T13:10:25.287Z[39m [96mINFO[39m [97m@wdio/browserstack-service[39m BrowserStack service run ended for id: e90f8df7-7a1a-4a78-889e-44531c47e20b testhub id: 8f5dnofalcddtd78ewgu0ykwfsaq1d8tmraixbfk
[90m2026-01-01T13:10:25.289Z[39m [32mDEBUG[39m [97m@wdio/browserstack-service[39m Reading worker file worker-data-24078.json
[90m2026-01-01T13:10:25.295Z[39m [32mDEBUG[39m [97m@wdio/browserstack-service[39m Sending SDK event with data {
  userName: '[REDACTED]',
  accessKey: '[REDACTED]',
  event_type: 'SDKTestSuccessful',
  detectedFramework: 'WebdriverIO-mocha',
  event_properties: {
    sdkRunId: 'e90f8df7-7a1a-4a78-889e-44531c47e20b',
    testhub_uuid: '8f5dnofalcddtd78ewgu0ykwfsaq1d8tmraixbfk',
    language_framework: 'WebdriverIO_mocha',
    referrer: 'WebdriverIO-mocha/9.20.1',
    language: 'WebdriverIO',
    languageVersion: 'v20.19.6',
    buildName: 'undefined',
    buildIdentifier: 'undefined',
    os: 'Darwin',
    hostname: 'macbookpro.lan',
    productMap: {
      observability: true,
      accessibility: null,
      percy: false,
      automate: true,
      app_automate: false
    },
    product: [ 'observability', 'automate' ],
    framework: 'mocha',
    productUsage: {
      testObservability: {
        enabled: true,
        manuallySet: false,
        buildHashedId: '8f5dnofalcddtd78ewgu0ykwfsaq1d8tmraixbfk',
        events: {
          buildEvents: {
            started: {
              isTriggered: undefined,
              status: undefined,
              error: undefined
            },
            finished: {
              isTriggered: undefined,
              status: undefined,
              error: undefined
            }
          },
          testEvents: {
            started: { triggeredCount: 0, sentCount: 0, failedCount: 0 },
            finished: { triggeredCount: 0, sentCount: 0, failedCount: 0 }
          },
          hookEvents: {
            started: { triggeredCount: 1, sentCount: 0, failedCount: 1 },
            finished: { triggeredCount: 1, sentCount: 0, failedCount: 1 },
            passed: { triggeredCount: 1, sentCount: 0, failedCount: 1 }
          },
          logEvents: { triggeredCount: 0, sentCount: 0, failedCount: 0 },
          cbtSessionEvents: { triggeredCount: 0, sentCount: 0, failedCount: 0 }
        }
      }
    }
  }
}
[90m2026-01-01T13:10:25.665Z[39m [32mDEBUG[39m [97m@wdio/browserstack-service[39m Funnel Event Response: "{\"message\":\"SDK Event recorded successfully\"}"
[90m2026-01-01T13:10:25.665Z[39m [32mDEBUG[39m [97m@wdio/browserstack-service[39m Funnel event success
[90m2026-01-01T13:10:27.165Z[39m [96mINFO[39m [97m@wdio/browserstack-service[39m Upload response: {
  "status": "success",
  "message": "Logs upload successful in file - logs.tar.gz"
}
[90m2026-01-01T13:10:28.735Z[39m [32mDEBUG[39m [97m@wdio/browserstack-service[39m Successfully uploaded performance events Bravo
